Date,Open,High,Low,Close,Volume
2015-01-02,2058.9,2072.4,2046.0,2058.2,0
2015-01-05,2054.4,2054.4,2017.3,2020.6,0
2015-01-06,2022.2,2030.2,1992.4,2002.6,0
2015-01-07,2005.5,2029.6,2005.5,2025.9,0
2015-01-08,2030.6,2064.1,2030.6,2062.1,0
2015-01-09,2063.4,2064.4,2038.3,2044.8,0
2015-01-12,2046.1,2049.3,2022.6,2028.3,0
2015-01-13,2031.6,2056.9,2008.2,2023.0,0
2015-01-14,2018.4,2018.4,1988.4,2011.3,0
2015-01-15,2013.8,2021.3,1991.5,1992.7,0
2015-01-16,1992.2,2020.5,1988.1,2019.4,0
2015-01-20,2020.8,2028.9,2004.5,2022.5,0
2015-01-21,2020.2,2038.3,2012.0,2032.1,0
2015-01-22,2034.3,2064.6,2026.4,2063.2,0
2015-01-23,2063.0,2063.0,2050.5,2051.8,0
2015-01-26,2050.4,2057.6,2041.0,2057.1,0
2015-01-27,2047.9,2047.9,2019.9,2029.5,0
2015-01-28,2032.3,2042.5,2001.5,2002.2,0
2015-01-29,2002.5,2024.6,1989.2,2021.2,0
2015-01-30,2019.3,2023.3,1993.4,1995.0,0
2015-02-02,1996.7,2021.7,1980.9,2020.8,0
2015-02-03,2022.7,2050.3,2022.7,2050.0,0
2015-02-04,2048.9,2054.7,2036.7,2041.5,0
2015-02-05,2043.5,2063.6,2043.5,2062.5,0
2015-02-06,2062.3,2072.4,2050.0,2055.5,0
2015-02-09,2053.5,2056.2,2041.9,2046.7,0
2015-02-10,2049.4,2070.9,2048.6,2068.6,0
2015-02-11,2068.6,2073.5,2058.0,2068.5,0
2015-02-12,2070.0,2088.5,2070.0,2088.5,0
2015-02-13,2088.8,2097.0,2086.7,2097.0,0
2015-02-17,2096.5,2101.3,2089.8,2100.3,0
2015-02-18,2099.2,2100.2,2092.2,2099.7,0
2015-02-19,2099.2,2102.1,2090.8,2097.4,0
2015-02-20,2097.7,2110.6,2085.4,2110.3,0
2015-02-23,2109.8,2110.1,2103.0,2109.7,0
2015-02-24,2109.1,2117.9,2105.9,2115.5,0
2015-02-25,2115.3,2119.6,2109.9,2113.9,0
2015-02-26,2113.9,2113.9,2103.8,2110.7,0
2015-02-27,2110.9,2112.7,2103.8,2104.5,0
2015-03-02,2105.2,2117.5,2104.5,2117.4,0
2015-03-03,2115.8,2115.8,2098.3,2107.8,0
2015-03-04,2107.7,2107.7,2087.6,2098.5,0
2015-03-05,2098.5,2104.2,2095.2,2101.0,0
2015-03-06,2100.9,2100.9,2067.3,2071.3,0
2015-03-09,2072.2,2083.5,2072.2,2079.4,0
2015-03-10,2076.1,2076.1,2044.2,2044.2,0
2015-03-11,2044.7,2050.1,2039.7,2040.2,0
2015-03-12,2041.1,2066.4,2041.1,2065.9,0
2015-03-13,2064.6,2064.6,2041.2,2053.4,0
2015-03-16,2055.3,2081.4,2055.3,2081.2,0
2015-03-17,2080.6,2080.6,2065.1,2074.3,0
2015-03-18,2072.8,2106.8,2061.2,2099.5,0
2015-03-19,2098.7,2098.7,2085.6,2089.3,0
2015-03-20,2090.3,2113.9,2090.3,2108.1,0
2015-03-23,2108.0,2114.9,2104.4,2104.4,0
2015-03-24,2103.9,2107.6,2091.5,2091.5,0
2015-03-25,2093.1,2097.4,2061.1,2061.1,0
2015-03-26,2059.9,2067.2,2045.5,2056.2,0
2015-03-27,2055.8,2062.8,2053.0,2061.0,0
2015-03-30,2064.1,2089.0,2064.1,2086.2,0
2015-03-31,2084.1,2084.1,2067.0,2067.9,0
2015-04-01,2067.6,2067.6,2048.4,2059.7,0
2015-04-02,2060.0,2072.2,2057.3,2067.0,0
2015-04-06,2064.9,2087.0,2056.5,2080.6,0
2015-04-07,2080.8,2089.8,2076.1,2076.3,0
2015-04-08,2076.9,2086.7,2073.3,2081.9,0
2015-04-09,2081.3,2093.3,2074.3,2091.2,0
2015-04-10,2091.5,2102.6,2091.5,2102.1,0
2015-04-13,2102.0,2107.7,2092.3,2092.4,0
2015-04-14,2092.3,2098.6,2083.2,2095.8,0
2015-04-15,2097.8,2111.9,2097.8,2106.6,0
2015-04-16,2106.0,2111.3,2100.0,2105.0,0
2015-04-17,2102.6,2102.6,2072.4,2081.2,0
2015-04-20,2084.1,2103.9,2084.1,2100.4,0
2015-04-21,2102.8,2109.6,2094.4,2097.3,0
2015-04-22,2098.3,2110.0,2091.1,2108.0,0
2015-04-23,2107.2,2120.5,2103.2,2112.9,0
2015-04-24,2112.8,2120.9,2112.8,2117.7,0
2015-04-27,2119.3,2125.9,2107.0,2108.9,0
2015-04-28,2108.3,2116.1,2094.9,2114.8,0
2015-04-29,2112.5,2113.7,2097.4,2106.8,0
2015-04-30,2105.5,2105.5,2077.6,2085.5,0
2015-05-01,2087.4,2108.4,2087.4,2108.3,0
2015-05-04,2110.2,2120.9,2110.2,2114.5,0
2015-05-05,2112.6,2115.2,2088.5,2089.5,0
2015-05-06,2091.3,2098.4,2067.9,2080.2,0
2015-05-07,2080.0,2092.9,2075.0,2088.0,0
2015-05-08,2092.1,2117.7,2092.1,2116.1,0
2015-05-11,2115.6,2117.7,2104.6,2105.3,0
2015-05-12,2102.9,2105.1,2085.6,2099.1,0
2015-05-13,2099.6,2110.2,2096.0,2098.5,0
2015-05-14,2100.4,2121.4,2100.4,2121.1,0
2015-05-15,2122.1,2123.9,2116.8,2122.7,0
2015-05-18,2121.3,2131.8,2120.0,2129.2,0
2015-05-19,2129.4,2133.0,2124.5,2127.8,0
2015-05-20,2127.8,2134.7,2122.6,2125.8,0
2015-05-21,2125.6,2134.3,2122.9,2130.8,0
2015-05-22,2130.4,2132.2,2126.1,2126.1,0
2015-05-26,2125.3,2125.3,2099.2,2104.2,0
2015-05-27,2105.1,2126.2,2105.1,2123.5,0
2015-05-28,2122.3,2122.3,2112.9,2120.8,0
2015-05-29,2120.7,2120.7,2104.9,2107.4,0
2015-06-01,2108.6,2119.2,2102.5,2111.7,0
2015-06-02,2110.4,2117.6,2099.1,2109.6,0
2015-06-03,2110.6,2121.9,2109.6,2114.1,0
2015-06-04,2112.3,2112.9,2093.2,2095.8,0
2015-06-05,2095.1,2101.0,2085.7,2092.8,0
2015-06-08,2092.3,2093.0,2079.1,2079.3,0
2015-06-09,2079.1,2085.6,2072.1,2080.2,0
2015-06-10,2081.1,2108.5,2081.1,2105.2,0
2015-06-11,2106.2,2115.0,2106.2,2108.9,0
2015-06-12,2107.4,2107.4,2091.3,2094.1,0
2015-06-15,2091.3,2091.3,2072.5,2084.4,0
2015-06-16,2084.3,2097.4,2082.1,2096.3,0
2015-06-17,2097.4,2106.8,2088.9,2100.4,0
2015-06-18,2101.6,2126.7,2101.6,2121.2,0
2015-06-19,2121.1,2121.6,2109.4,2110.0,0
2015-06-22,2112.5,2129.9,2112.5,2122.8,0
2015-06-23,2123.2,2128.0,2119.9,2124.2,0
2015-06-24,2123.7,2125.1,2108.6,2108.6,0
2015-06-25,2110.0,2116.0,2101.8,2102.3,0
2015-06-26,2102.6,2108.9,2095.4,2101.5,0
2015-06-29,2098.6,2098.6,2056.6,2057.6,0
2015-06-30,2061.2,2074.3,2056.3,2063.1,0
2015-07-01,2067.0,2082.8,2067.0,2077.4,0
2015-07-02,2078.0,2085.1,2071.0,2076.8,0
2015-07-06,2073.9,2078.6,2058.4,2068.8,0
2015-07-07,2069.5,2083.7,2044.0,2081.3,0
2015-07-08,2077.7,2077.7,2044.7,2046.7,0
2015-07-09,2049.7,2074.3,2049.7,2051.3,0
2015-07-10,2052.7,2081.3,2052.7,2076.6,0
2015-07-13,2080.0,2100.7,2080.0,2099.6,0
2015-07-14,2099.7,2112.0,2098.2,2108.9,0
2015-07-15,2109.0,2114.1,2102.5,2107.4,0
2015-07-16,2110.6,2124.4,2110.6,2124.3,0
2015-07-17,2126.8,2128.9,2119.9,2126.6,0
2015-07-20,2126.8,2132.8,2123.7,2128.3,0
2015-07-21,2127.6,2128.5,2115.4,2119.2,0
2015-07-22,2118.2,2118.5,2110.0,2114.2,0
2015-07-23,2114.2,2116.9,2098.6,2102.2,0
2015-07-24,2102.2,2106.0,2077.1,2079.7,0
2015-07-27,2078.2,2078.2,2063.5,2067.6,0
2015-07-28,2070.8,2095.6,2069.1,2093.2,0
2015-07-29,2094.7,2110.6,2094.1,2108.6,0
2015-07-30,2106.8,2110.5,2095.0,2108.6,0
2015-07-31,2111.6,2114.2,2102.1,2103.8,0
2015-08-03,2104.5,2105.7,2087.3,2098.0,0
2015-08-04,2097.7,2102.5,2088.6,2093.3,0
2015-08-05,2095.3,2112.7,2095.3,2099.8,0
2015-08-06,2100.8,2103.3,2075.5,2083.6,0
2015-08-07,2082.6,2082.6,2067.9,2077.6,0
2015-08-10,2081.0,2105.3,2081.0,2104.2,0
2015-08-11,2102.7,2102.7,2076.5,2084.1,0
2015-08-12,2081.1,2089.1,2052.1,2086.1,0
2015-08-13,2086.2,2092.9,2078.3,2083.4,0
2015-08-14,2083.2,2092.4,2080.6,2091.5,0
2015-08-17,2089.7,2102.9,2079.3,2102.4,0
2015-08-18,2102.0,2103.5,2094.1,2096.9,0
2015-08-19,2095.7,2096.2,2070.5,2079.6,0
2015-08-20,2076.6,2076.6,2035.7,2035.7,0
2015-08-21,2034.1,2034.1,1970.9,1970.9,0
2015-08-24,1965.2,1965.2,1867.0,1893.2,0
2015-08-25,1898.1,1948.0,1867.1,1867.6,0
2015-08-26,1872.8,1943.1,1872.8,1940.5,0
2015-08-27,1942.8,1989.6,1942.8,1987.7,0
2015-08-28,1986.1,1993.5,1975.2,1988.9,0
2015-08-31,1986.7,1986.7,1966.0,1972.2,0
2015-09-01,1970.1,1970.1,1903.1,1913.8,0
2015-09-02,1916.5,1948.9,1916.5,1948.9,0
2015-09-03,1950.8,1975.0,1944.7,1951.1,0
2015-09-04,1947.8,1947.8,1911.2,1921.2,0
2015-09-08,1927.3,1970.4,1927.3,1969.4,0
2015-09-09,1971.5,1988.6,1937.9,1942.0,0
2015-09-10,1941.6,1965.3,1937.2,1952.3,0
2015-09-11,1951.5,1961.0,1939.2,1961.0,0
2015-09-14,1963.1,1963.1,1948.3,1953.0,0
2015-09-15,1955.1,1983.2,1954.3,1978.1,0
2015-09-16,1978.0,1997.3,1977.9,1995.3,0
2015-09-17,1995.3,2020.9,1986.7,1990.2,0
2015-09-18,1989.7,1989.7,1953.5,1958.0,0
2015-09-21,1960.8,1979.6,1955.8,1967.0,0
2015-09-22,1961.4,1961.4,1929.2,1942.7,0
2015-09-23,1943.2,1949.5,1932.6,1938.8,0
2015-09-24,1934.8,1937.2,1908.9,1932.2,0
2015-09-25,1935.9,1952.9,1921.5,1931.3,0
2015-09-28,1929.2,1929.2,1879.2,1881.8,0
2015-09-29,1881.9,1899.5,1871.9,1884.1,0
2015-09-30,1887.1,1920.5,1887.1,1920.0,0
2015-10-01,1919.7,1927.2,1900.7,1923.8,0
2015-10-02,1921.8,1951.4,1893.7,1951.4,0
2015-10-05,1954.3,1989.2,1954.3,1987.0,0
2015-10-06,1986.6,1991.6,1972.0,1979.9,0
2015-10-07,1982.3,1999.3,1976.4,1995.8,0
2015-10-08,1994.0,2016.5,1987.5,2013.4,0
2015-10-09,2013.7,2020.1,2007.6,2014.9,0
2015-10-12,2015.7,2018.7,2010.5,2017.5,0
2015-10-13,2015.0,2022.3,2001.8,2003.7,0
2015-10-14,2003.7,2009.6,1990.7,1994.2,0
2015-10-15,1996.5,2024.2,1996.5,2023.9,0
2015-10-16,2024.4,2033.5,2020.5,2033.1,0
2015-10-19,2031.7,2034.5,2022.3,2033.7,0
2015-10-20,2033.1,2039.1,2026.6,2030.8,0
2015-10-21,2033.5,2038.0,2017.2,2018.9,0
2015-10-22,2021.9,2055.2,2021.9,2052.5,0
2015-10-23,2058.2,2079.7,2058.2,2075.2,0
2015-10-26,2075.1,2075.1,2066.5,2071.2,0
2015-10-27,2068.8,2070.4,2058.8,2065.9,0
2015-10-28,2066.5,2090.3,2063.1,2090.3,0
2015-10-29,2088.3,2092.5,2082.6,2089.4,0
2015-10-30,2090.0,2094.3,2079.3,2079.4,0
2015-11-02,2080.8,2106.2,2080.8,2104.1,0
2015-11-03,2102.6,2116.5,2097.5,2109.8,0
2015-11-04,2110.6,2114.6,2097.0,2102.3,0
2015-11-05,2101.7,2108.8,2090.4,2099.9,0
2015-11-06,2098.6,2101.9,2083.7,2099.2,0
2015-11-09,2096.6,2096.6,2068.2,2078.6,0
2015-11-10,2077.2,2083.7,2069.9,2081.7,0
2015-11-11,2083.4,2086.9,2074.8,2075.0,0
2015-11-12,2072.3,2072.3,2045.7,2046.0,0
2015-11-13,2044.6,2044.6,2022.0,2023.0,0
2015-11-16,2022.1,2053.2,2019.4,2053.2,0
2015-11-17,2053.7,2066.7,2045.9,2050.4,0
2015-11-18,2052.0,2085.3,2052.0,2083.6,0
2015-11-19,2083.7,2086.7,2078.8,2081.2,0
2015-11-20,2082.8,2097.1,2082.8,2089.2,0
2015-11-23,2089.4,2095.6,2081.4,2086.6,0
2015-11-24,2084.4,2094.1,2070.3,2089.1,0
2015-11-25,2089.3,2093.0,2086.3,2088.9,0
2015-11-27,2088.8,2093.3,2084.1,2090.1,0
2015-11-30,2090.9,2093.8,2080.4,2080.4,0
2015-12-01,2082.9,2103.4,2082.9,2102.6,0
2015-12-02,2101.7,2104.3,2077.1,2079.5,0
2015-12-03,2080.7,2085.0,2042.3,2049.6,0
2015-12-04,2051.2,2093.8,2051.2,2091.7,0
2015-12-07,2090.4,2090.4,2066.8,2077.1,0
2015-12-08,2073.4,2073.8,2052.3,2063.6,0
2015-12-09,2061.2,2080.3,2036.5,2047.6,0
2015-12-10,2047.9,2067.7,2045.7,2052.2,0
2015-12-11,2047.3,2047.3,2008.8,2012.4,0
2015-12-14,2013.4,2022.9,1993.3,2021.9,0
2015-12-15,2025.5,2053.9,2025.5,2043.4,0
2015-12-16,2046.5,2076.7,2042.4,2073.1,0
2015-12-17,2073.8,2076.4,2041.7,2041.9,0
2015-12-18,2040.8,2040.8,2005.3,2005.5,0
2015-12-21,2010.3,2022.9,2005.9,2021.2,0
2015-12-22,2023.2,2042.7,2020.5,2039.0,0
2015-12-23,2042.2,2064.7,2042.2,2064.3,0
2015-12-24,2063.5,2067.4,2058.7,2061.0,0
2015-12-28,2057.8,2057.8,2044.2,2056.5,0
2015-12-29,2060.5,2081.6,2060.5,2078.4,0
2015-12-30,2077.3,2077.3,2062.0,2063.4,0
2015-12-31,2060.6,2062.5,2043.6,2043.9,0
2016-01-04,2038.2,2038.2,1989.7,2012.7,0
2016-01-05,2013.8,2021.9,2004.2,2016.7,0
2016-01-06,2011.7,2011.7,1979.0,1990.3,0
2016-01-07,1985.3,1985.3,1938.8,1943.1,0
2016-01-08,1946.0,1960.4,1918.5,1922.0,0
2016-01-11,1926.1,1935.7,1901.1,1923.7,0
2016-01-12,1927.8,1947.4,1914.3,1938.7,0
2016-01-13,1940.3,1950.3,1886.4,1890.3,0
2016-01-14,1891.7,1934.5,1878.9,1921.8,0
2016-01-15,1916.7,1916.7,1857.8,1880.3,0
2016-01-19,1888.7,1901.4,1864.6,1881.3,0
2016-01-20,1876.2,1876.2,1812.3,1859.3,0
2016-01-21,1861.5,1889.8,1849.0,1869.0,0
2016-01-22,1877.4,1908.8,1877.4,1906.9,0
2016-01-25,1906.3,1906.3,1876.0,1877.1,0
2016-01-26,1878.8,1906.7,1878.8,1903.6,0
2016-01-27,1902.5,1917.0,1872.7,1883.0,0
2016-01-28,1885.2,1903.0,1873.7,1893.4,0
2016-01-29,1894.0,1940.2,1894.0,1940.2,0
2016-02-01,1936.9,1947.2,1920.3,1939.4,0
2016-02-02,1935.3,1935.3,1897.3,1903.0,0
2016-02-03,1907.1,1918.0,1872.2,1912.5,0
2016-02-04,1911.7,1927.3,1900.5,1915.5,0
2016-02-05,1913.1,1913.1,1872.7,1880.0,0
2016-02-08,1873.2,1873.2,1828.5,1853.4,0
2016-02-09,1848.5,1868.2,1834.9,1852.2,0
2016-02-10,1857.1,1881.6,1850.3,1851.9,0
2016-02-11,1847.0,1847.0,1810.1,1829.1,0
2016-02-12,1833.4,1864.8,1833.4,1864.8,0
2016-02-16,1871.4,1895.8,1871.4,1895.6,0
2016-02-17,1898.8,1930.7,1898.8,1926.8,0
2016-02-18,1927.6,1930.0,1915.1,1917.8,0
2016-02-19,1916.7,1918.8,1902.2,1917.8,0
2016-02-22,1924.4,1946.7,1924.4,1945.5,0
2016-02-23,1942.4,1942.4,1919.4,1921.3,0
2016-02-24,1917.6,1932.1,1891.0,1929.8,0
2016-02-25,1931.9,1951.8,1925.4,1951.7,0
2016-02-26,1955.0,1963.0,1945.8,1948.0,0
2016-02-29,1947.1,1958.3,1931.8,1932.2,0
2016-03-01,1937.1,1978.3,1937.1,1978.3,0
2016-03-02,1976.6,1986.5,1968.8,1986.5,0
2016-03-03,1985.6,1993.7,1977.4,1993.4,0
2016-03-04,1994.0,2009.1,1986.8,2000.0,0
2016-03-07,1996.1,2006.1,1989.4,2001.8,0
2016-03-08,1996.9,1996.9,1977.4,1979.3,0
2016-03-09,1981.4,1992.7,1979.8,1989.3,0
2016-03-10,1991.0,2005.1,1969.2,1989.6,0
2016-03-11,1994.7,2022.4,1994.7,2022.2,0
2016-03-14,2019.3,2024.6,2012.0,2019.6,0
2016-03-15,2015.3,2015.9,2005.2,2015.9,0
2016-03-16,2014.2,2032.0,2010.0,2027.2,0
2016-03-17,2026.9,2046.2,2022.2,2040.6,0
2016-03-18,2041.2,2052.4,2041.2,2049.6,0
2016-03-21,2047.9,2053.9,2043.1,2051.6,0
2016-03-22,2048.6,2056.6,2040.6,2049.8,0
2016-03-23,2048.6,2048.6,2034.9,2036.7,0
2016-03-24,2032.5,2036.0,2022.5,2035.9,0
2016-03-28,2037.9,2042.7,2032.0,2037.0,0
2016-03-29,2035.8,2055.9,2028.3,2055.0,0
2016-03-30,2058.3,2072.2,2058.3,2063.9,0
2016-03-31,2063.8,2067.9,2057.5,2059.7,0
2016-04-01,2056.6,2075.1,2044.0,2072.8,0
2016-04-04,2073.2,2074.0,2062.6,2066.1,0
2016-04-05,2062.5,2062.5,2042.6,2045.2,0
2016-04-06,2045.6,2067.3,2043.1,2066.7,0
2016-04-07,2063.0,2063.0,2033.8,2041.9,0
2016-04-08,2045.5,2060.6,2041.7,2047.6,0
2016-04-11,2050.2,2062.9,2041.9,2042.0,0
2016-04-12,2043.7,2065.1,2039.7,2061.7,0
2016-04-13,2065.9,2083.2,2065.9,2082.4,0
2016-04-14,2082.9,2087.8,2078.1,2082.8,0
2016-04-15,2083.1,2083.2,2076.3,2080.7,0
2016-04-18,2078.8,2094.7,2073.7,2094.3,0
2016-04-19,2096.1,2104.1,2091.7,2100.8,0
2016-04-20,2101.5,2111.1,2096.3,2102.4,0
2016-04-21,2102.1,2103.8,2088.5,2091.5,0
2016-04-22,2091.5,2094.3,2081.2,2091.6,0
2016-04-25,2089.4,2089.4,2077.5,2087.8,0
2016-04-26,2089.8,2096.9,2085.8,2091.7,0
2016-04-27,2092.3,2099.9,2082.3,2095.2,0
2016-04-28,2090.9,2099.3,2071.6,2075.8,0
2016-04-29,2071.8,2073.8,2052.3,2065.3,0
2016-05-02,2067.2,2083.4,2066.1,2081.4,0
2016-05-03,2077.2,2077.2,2054.9,2063.4,0
2016-05-04,2060.3,2060.3,2045.5,2051.1,0
2016-05-05,2052.9,2060.2,2045.8,2050.6,0
2016-05-06,2047.8,2057.7,2039.5,2057.1,0
2016-05-09,2057.6,2064.2,2054.3,2058.7,0
2016-05-10,2062.6,2084.9,2062.6,2084.4,0
2016-05-11,2083.3,2083.3,2064.5,2064.5,0
2016-05-12,2067.2,2074.0,2053.1,2064.1,0
2016-05-13,2062.5,2066.8,2043.1,2046.6,0
2016-05-16,2046.5,2071.9,2046.5,2066.7,0
2016-05-17,2065.0,2065.7,2040.8,2047.2,0
2016-05-18,2044.4,2060.6,2034.5,2047.6,0
2016-05-19,2044.2,2044.2,2025.9,2040.0,0
2016-05-20,2041.9,2058.3,2041.9,2052.3,0
2016-05-23,2052.2,2055.6,2047.3,2048.0,0
2016-05-24,2052.7,2079.7,2052.7,2076.1,0
2016-05-25,2078.9,2094.7,2078.9,2090.5,0
2016-05-26,2091.4,2094.3,2087.1,2090.1,0
2016-05-27,2090.1,2099.1,2090.1,2099.1,0
2016-05-31,2100.1,2103.5,2088.7,2097.0,0
2016-06-01,2093.9,2101.0,2085.1,2099.3,0
2016-06-02,2097.7,2105.3,2088.6,2105.3,0
2016-06-03,2104.1,2104.1,2085.4,2099.1,0
2016-06-06,2100.8,2113.4,2100.8,2109.4,0
2016-06-07,2110.2,2119.2,2110.2,2112.1,0
2016-06-08,2112.7,2120.6,2112.7,2119.1,0
2016-06-09,2115.7,2117.6,2107.7,2115.5,0
2016-06-10,2109.6,2109.6,2090.0,2096.1,0
2016-06-13,2091.8,2098.1,2078.5,2079.1,0
2016-06-14,2076.7,2081.3,2064.1,2075.3,0
2016-06-15,2077.6,2085.7,2069.8,2071.5,0
2016-06-16,2066.4,2079.6,2050.4,2078.0,0
2016-06-17,2078.2,2078.2,2062.8,2071.2,0
2016-06-20,2075.6,2100.7,2075.6,2083.2,0
2016-06-21,2085.2,2093.7,2083.0,2088.9,0
2016-06-22,2089.8,2099.7,2084.4,2085.4,0
2016-06-23,2092.8,2113.3,2092.8,2113.3,0
2016-06-24,2103.8,2103.8,2032.6,2037.4,0
2016-06-27,2031.5,2031.5,1991.7,2000.5,0
2016-06-28,2006.7,2036.1,2006.7,2036.1,0
2016-06-29,2042.7,2073.1,2042.7,2070.8,0
2016-06-30,2073.2,2098.9,2070.0,2098.9,0
2016-07-01,2099.3,2108.7,2097.9,2102.9,0
2016-07-05,2095.1,2095.1,2080.9,2088.6,0
2016-07-06,2084.4,2100.7,2074.0,2099.7,0
2016-07-07,2100.4,2109.1,2089.4,2097.9,0
2016-07-08,2107.0,2131.7,2107.0,2129.9,0
2016-07-11,2131.7,2143.2,2131.7,2137.2,0
2016-07-12,2139.5,2155.4,2139.5,2152.1,0
2016-07-13,2153.8,2156.4,2146.2,2152.4,0
2016-07-14,2157.9,2169.0,2157.9,2163.8,0
2016-07-15,2165.1,2169.1,2155.8,2161.7,0
2016-07-18,2162.0,2168.3,2159.6,2166.9,0
2016-07-19,2163.8,2164.6,2159.0,2163.8,0
2016-07-20,2166.1,2175.6,2164.9,2173.0,0
2016-07-21,2172.9,2174.6,2159.8,2165.2,0
2016-07-22,2166.5,2175.1,2163.2,2175.0,0
2016-07-25,2173.7,2173.7,2161.9,2168.5,0
2016-07-26,2169.0,2173.5,2160.2,2169.2,0
2016-07-27,2169.8,2175.0,2159.1,2166.6,0
2016-07-28,2166.1,2172.8,2159.7,2170.1,0
2016-07-29,2168.8,2177.1,2163.5,2173.6,0
2016-08-01,2173.2,2178.3,2166.2,2170.8,0
2016-08-02,2169.9,2170.2,2147.6,2157.0,0
2016-08-03,2156.8,2163.8,2152.6,2163.8,0
2016-08-04,2163.5,2168.2,2159.1,2164.2,0
2016-08-05,2168.8,2182.9,2168.8,2182.9,0
2016-08-08,2183.8,2185.4,2177.8,2180.9,0
2016-08-09,2182.2,2187.7,2178.6,2181.7,0
2016-08-10,2182.8,2183.4,2172.0,2175.5,0
2016-08-11,2178.0,2188.4,2178.0,2185.8,0
2016-08-12,2183.7,2186.3,2179.4,2184.1,0
2016-08-15,2186.1,2193.8,2186.1,2190.2,0
2016-08-16,2186.2,2186.2,2178.1,2178.2,0
2016-08-17,2177.8,2183.1,2168.5,2182.2,0
2016-08-18,2181.9,2187.0,2180.5,2187.0,0
2016-08-19,2184.2,2185.0,2175.1,2183.9,0
2016-08-22,2181.6,2185.2,2176.0,2182.6,0
2016-08-23,2187.8,2193.4,2186.8,2186.9,0
2016-08-24,2185.1,2186.7,2171.2,2175.4,0
2016-08-25,2173.3,2179.0,2169.7,2172.5,0
2016-08-26,2175.1,2187.9,2160.4,2169.0,0
2016-08-29,2170.2,2183.5,2170.2,2180.4,0
2016-08-30,2179.4,2182.3,2170.4,2176.1,0
2016-08-31,2173.6,2173.8,2161.3,2170.9,0
2016-09-01,2171.3,2173.6,2157.1,2170.9,0
2016-09-02,2177.5,2184.9,2173.6,2180.0,0
2016-09-06,2181.6,2186.6,2175.1,2186.5,0
2016-09-07,2185.2,2187.9,2179.1,2186.2,0
2016-09-08,2182.8,2184.9,2177.5,2181.3,0
2016-09-09,2169.1,2169.1,2127.8,2127.8,0
2016-09-12,2120.9,2163.3,2119.1,2159.0,0
2016-09-13,2150.5,2150.5,2120.3,2127.0,0
2016-09-14,2127.9,2141.3,2119.9,2125.8,0
2016-09-15,2125.4,2151.3,2122.4,2147.3,0
2016-09-16,2146.5,2146.5,2131.2,2139.2,0
2016-09-19,2144.0,2153.6,2135.9,2139.1,0
2016-09-20,2145.9,2150.8,2139.2,2139.8,0
2016-09-21,2144.6,2165.1,2139.6,2163.1,0
2016-09-22,2170.9,2180.0,2170.9,2177.2,0
2016-09-23,2173.3,2173.8,2164.0,2164.7,0
2016-09-26,2158.5,2158.5,2145.0,2146.1,0
2016-09-27,2146.0,2161.1,2141.6,2159.9,0
2016-09-28,2161.8,2172.4,2151.8,2171.4,0
2016-09-29,2168.9,2172.7,2145.2,2151.1,0
2016-09-30,2156.5,2175.3,2156.5,2168.3,0
2016-10-03,2164.3,2164.4,2154.8,2161.2,0
2016-10-04,2163.4,2165.5,2144.0,2150.5,0
2016-10-05,2155.2,2163.9,2155.2,2159.7,0
2016-10-06,2158.2,2162.9,2150.3,2160.8,0
2016-10-07,2164.2,2165.9,2144.8,2153.7,0
2016-10-10,2160.4,2169.6,2160.4,2163.7,0
2016-10-11,2161.3,2161.6,2128.8,2136.7,0
2016-10-12,2137.7,2145.4,2132.8,2139.2,0
2016-10-13,2130.3,2138.2,2114.7,2132.6,0
2016-10-14,2139.7,2149.2,2133.0,2133.0,0
2016-10-17,2132.9,2135.6,2124.4,2126.5,0
2016-10-18,2138.3,2144.4,2135.5,2139.6,0
2016-10-19,2140.8,2148.4,2138.2,2144.3,0
2016-10-20,2142.5,2147.2,2133.4,2141.3,0
2016-10-21,2139.4,2142.6,2130.1,2141.2,0
2016-10-24,2148.5,2154.8,2146.9,2151.3,0
2016-10-25,2149.7,2151.4,2141.9,2143.2,0
2016-10-26,2137.0,2145.7,2131.6,2139.4,0
2016-10-27,2144.1,2147.1,2132.5,2133.0,0
2016-10-28,2132.2,2140.7,2119.4,2126.4,0
2016-10-31,2129.8,2133.2,2125.5,2126.2,0
2016-11-01,2128.7,2131.4,2097.8,2111.7,0
2016-11-02,2109.4,2111.8,2094.0,2097.9,0
2016-11-03,2098.8,2102.6,2085.2,2088.7,0
2016-11-04,2083.8,2099.1,2083.8,2085.2,0
2016-11-07,2100.6,2132.0,2100.6,2131.5,0
2016-11-08,2129.9,2146.9,2123.6,2139.6,0
2016-11-09,2131.6,2170.1,2125.3,2163.3,0
2016-11-10,2167.5,2182.3,2151.2,2167.5,0
2016-11-11,2162.7,2165.9,2152.5,2164.4,0
2016-11-14,2165.6,2171.4,2156.1,2164.2,0
2016-11-15,2168.3,2180.8,2166.4,2180.4,0
2016-11-16,2177.5,2179.2,2172.2,2176.9,0
2016-11-17,2178.6,2188.1,2176.7,2187.1,0
2016-11-18,2186.8,2189.9,2180.4,2181.9,0
2016-11-21,2186.4,2198.7,2186.4,2198.2,0
2016-11-22,2201.6,2204.8,2194.5,2202.9,0
2016-11-23,2198.6,2204.7,2194.5,2204.7,0
2016-11-25,2206.3,2213.3,2206.3,2213.3,0
2016-11-28,2210.2,2211.1,2200.4,2201.7,0
2016-11-29,2200.8,2210.5,2198.2,2204.7,0
2016-11-30,2205.0,2214.1,2198.8,2198.8,0
2016-12-01,2200.2,2202.6,2187.4,2191.1,0
2016-12-02,2191.1,2197.9,2188.4,2191.9,0
2016-12-05,2200.7,2209.4,2200.0,2204.7,0
2016-12-06,2207.3,2212.8,2202.2,2212.2,0
2016-12-07,2210.7,2241.6,2208.9,2241.3,0
2016-12-08,2241.1,2251.7,2237.6,2246.2,0
2016-12-09,2249.7,2259.8,2249.2,2259.5,0
2016-12-12,2258.8,2264.0,2252.4,2257.0,0
2016-12-13,2263.3,2277.5,2263.3,2271.7,0
2016-12-14,2268.3,2276.2,2248.4,2253.3,0
2016-12-15,2253.8,2272.1,2253.8,2262.0,0
2016-12-16,2266.8,2268.1,2254.2,2258.1,0
2016-12-19,2259.2,2267.5,2258.2,2262.5,0
2016-12-20,2266.5,2272.6,2266.1,2270.8,0
2016-12-21,2270.5,2271.2,2265.2,2265.2,0
2016-12-22,2262.9,2263.2,2256.1,2261.0,0
2016-12-23,2260.2,2263.8,2258.8,2263.8,0
2016-12-27,2266.2,2273.8,2266.2,2268.9,0
2016-12-28,2270.2,2271.3,2249.1,2249.9,0
2016-12-29,2249.5,2254.5,2244.6,2249.3,0
2016-12-30,2251.6,2253.6,2233.6,2238.8,0
2017-01-03,2251.6,2263.9,2245.1,2257.8,0
2017-01-04,2261.6,2272.8,2261.6,2270.8,0
2017-01-05,2268.2,2271.5,2260.4,2269.0,0
2017-01-06,2271.1,2282.1,2264.1,2277.0,0
2017-01-09,2273.6,2275.5,2268.9,2268.9,0
2017-01-10,2269.7,2279.3,2265.3,2268.9,0
2017-01-11,2268.6,2275.3,2260.8,2275.3,0
2017-01-12,2271.1,2271.8,2254.2,2270.4,0
2017-01-13,2272.7,2278.7,2271.5,2274.6,0
2017-01-17,2269.1,2272.1,2262.8,2267.9,0
2017-01-18,2269.1,2272.0,2263.3,2271.9,0
2017-01-19,2271.9,2274.3,2258.4,2263.7,0
2017-01-20,2270.0,2277.0,2265.0,2271.3,0
2017-01-23,2267.8,2271.8,2257.0,2265.2,0
2017-01-24,2267.9,2284.6,2266.7,2280.1,0
2017-01-25,2288.9,2299.6,2288.9,2298.4,0
2017-01-26,2298.6,2301.0,2294.1,2296.7,0
2017-01-27,2299.0,2299.0,2291.6,2294.7,0
2017-01-30,2286.0,2286.0,2268.0,2280.9,0
2017-01-31,2274.0,2279.1,2267.2,2278.9,0
2017-02-01,2285.6,2289.1,2272.4,2279.6,0
2017-02-02,2276.7,2284.0,2271.7,2280.8,0
2017-02-03,2288.5,2298.3,2287.9,2297.4,0
2017-02-06,2294.3,2296.2,2288.6,2292.6,0
2017-02-07,2295.9,2299.4,2290.2,2293.1,0
2017-02-08,2289.6,2295.9,2285.4,2294.7,0
2017-02-09,2296.7,2311.1,2296.6,2307.9,0
2017-02-10,2312.3,2319.2,2311.1,2316.1,0
2017-02-13,2321.7,2331.6,2321.4,2328.2,0
2017-02-14,2326.1,2337.6,2322.2,2337.6,0
2017-02-15,2335.6,2351.3,2334.8,2349.2,0
2017-02-16,2349.6,2351.3,2338.9,2347.2,0
2017-02-17,2343.0,2351.2,2339.6,2351.2,0
2017-02-21,2354.9,2366.7,2354.9,2365.4,0
2017-02-22,2361.1,2365.1,2358.3,2362.8,0
2017-02-23,2367.5,2368.3,2355.1,2363.8,0
2017-02-24,2355.7,2367.3,2352.9,2367.3,0
2017-02-27,2365.2,2371.5,2361.9,2369.8,0
2017-02-28,2366.1,2367.8,2359.0,2363.6,0
2017-03-01,2380.1,2401.0,2380.1,2396.0,0
2017-03-02,2394.8,2394.8,2380.2,2381.9,0
2017-03-03,2380.9,2383.9,2375.4,2383.1,0
2017-03-06,2375.2,2378.8,2368.0,2375.3,0
2017-03-07,2370.7,2375.1,2365.5,2368.4,0
2017-03-08,2369.8,2373.1,2361.0,2363.0,0
2017-03-09,2363.5,2369.1,2354.5,2364.9,0
2017-03-10,2372.5,2376.9,2363.0,2372.6,0
2017-03-13,2371.6,2374.4,2368.5,2373.5,0
2017-03-14,2368.6,2368.6,2358.2,2365.4,0
2017-03-15,2370.3,2390.0,2368.9,2385.3,0
2017-03-16,2387.7,2388.1,2377.2,2381.4,0
2017-03-17,2383.7,2385.7,2377.6,2378.2,0
2017-03-20,2378.2,2379.6,2369.7,2373.5,0
2017-03-21,2379.3,2381.9,2341.9,2344.0,0
2017-03-22,2343.0,2351.8,2336.4,2348.4,0
2017-03-23,2346.0,2358.9,2342.1,2346.0,0
2017-03-24,2350.4,2356.2,2335.7,2344.0,0
2017-03-27,2329.1,2344.9,2322.2,2341.6,0
2017-03-28,2339.8,2363.8,2337.6,2358.6,0
2017-03-29,2356.5,2363.4,2352.9,2361.1,0
2017-03-30,2361.3,2370.4,2358.6,2368.1,0
2017-03-31,2364.8,2370.3,2362.6,2362.7,0
2017-04-03,2362.3,2365.9,2344.7,2358.8,0
2017-04-04,2354.8,2360.5,2350.7,2360.2,0
2017-04-05,2366.6,2378.4,2350.5,2352.9,0
2017-04-06,2353.8,2364.2,2348.9,2357.5,0
2017-04-07,2356.6,2363.8,2350.7,2355.5,0
2017-04-10,2357.2,2366.4,2351.5,2357.2,0
2017-04-11,2353.9,2355.2,2337.2,2353.8,0
2017-04-12,2352.2,2352.7,2341.2,2344.9,0
2017-04-13,2342.0,2348.3,2328.9,2328.9,0
2017-04-17,2332.6,2349.1,2332.5,2349.0,0
2017-04-18,2342.5,2348.3,2334.5,2342.2,0
2017-04-19,2346.8,2352.6,2335.1,2338.2,0
2017-04-20,2342.7,2361.4,2340.9,2355.8,0
2017-04-21,2354.7,2356.2,2344.5,2348.7,0
2017-04-24,2370.3,2377.0,2369.2,2374.2,0
2017-04-25,2381.5,2392.5,2381.2,2388.6,0
2017-04-26,2389.0,2398.2,2386.8,2387.4,0
2017-04-27,2389.7,2392.1,2382.7,2388.8,0
2017-04-28,2393.7,2393.7,2382.4,2384.2,0
2017-05-01,2388.5,2394.5,2384.8,2388.3,0
2017-05-02,2391.1,2392.9,2385.8,2391.2,0
2017-05-03,2386.5,2389.8,2379.8,2388.1,0
2017-05-04,2389.8,2391.4,2380.3,2389.5,0
2017-05-05,2392.4,2399.3,2389.4,2399.3,0
2017-05-08,2399.9,2401.4,2393.9,2399.4,0
2017-05-09,2401.6,2403.9,2392.4,2396.9,0
2017-05-10,2396.8,2399.7,2392.8,2399.6,0
2017-05-11,2394.8,2395.7,2381.7,2394.4,0
2017-05-12,2392.4,2392.4,2387.2,2390.9,0
2017-05-15,2394.0,2404.1,2393.9,2402.3,0
2017-05-16,2404.6,2405.8,2396.1,2400.7,0
2017-05-17,2382.9,2384.9,2356.2,2357.0,0
2017-05-18,2354.7,2375.7,2352.7,2365.7,0
2017-05-19,2371.4,2389.1,2370.4,2381.7,0
2017-05-22,2387.2,2395.5,2386.9,2394.0,0
2017-05-23,2397.0,2400.8,2393.9,2398.4,0
2017-05-24,2401.4,2405.6,2398.0,2404.4,0
2017-05-25,2409.5,2418.7,2408.0,2415.1,0
2017-05-26,2414.5,2416.7,2412.2,2415.8,0
2017-05-30,2411.7,2415.3,2409.4,2412.9,0
2017-05-31,2415.6,2416.0,2403.6,2411.8,0
2017-06-01,2415.7,2430.1,2413.5,2430.1,0
2017-06-02,2431.3,2440.2,2427.7,2439.1,0
2017-06-05,2437.8,2439.6,2434.3,2436.1,0
2017-06-06,2431.9,2436.2,2428.1,2429.3,0
2017-06-07,2432.0,2435.3,2424.8,2433.1,0
2017-06-08,2434.3,2439.3,2427.9,2433.8,0
2017-06-09,2436.4,2446.2,2415.7,2431.8,0
2017-06-12,2425.9,2430.4,2420.0,2429.4,0
2017-06-13,2434.2,2441.5,2431.3,2440.3,0
2017-06-14,2443.8,2443.8,2428.3,2437.9,0
2017-06-15,2424.1,2433.9,2418.5,2432.5,0
2017-06-16,2431.2,2433.2,2422.9,2433.2,0
2017-06-19,2442.6,2453.8,2441.8,2453.5,0
2017-06-20,2450.7,2450.7,2436.6,2437.0,0
2017-06-21,2439.3,2442.2,2430.7,2435.6,0
2017-06-22,2437.4,2441.6,2433.3,2434.5,0
2017-06-23,2434.7,2441.4,2431.1,2438.3,0
2017-06-26,2443.3,2450.4,2437.0,2439.1,0
2017-06-27,2436.3,2440.2,2419.4,2419.4,0
2017-06-28,2428.7,2443.0,2428.0,2440.7,0
2017-06-29,2442.4,2442.7,2405.7,2419.7,0
2017-06-30,2429.2,2432.7,2421.7,2423.4,0
2017-07-03,2431.4,2439.2,2428.7,2429.0,0
2017-07-05,2430.8,2434.9,2422.1,2432.5,0
2017-07-06,2423.4,2424.3,2407.7,2409.8,0
2017-07-07,2413.5,2426.9,2413.5,2425.2,0
2017-07-10,2424.5,2432.0,2422.3,2427.4,0
2017-07-11,2427.3,2429.3,2412.8,2425.5,0
2017-07-12,2435.8,2445.8,2435.8,2443.2,0
2017-07-13,2445.0,2449.3,2441.7,2447.8,0
2017-07-14,2449.2,2463.5,2446.7,2459.3,0
2017-07-17,2459.5,2462.8,2457.2,2459.1,0
2017-07-18,2455.9,2460.9,2450.3,2460.6,0
2017-07-19,2463.8,2473.8,2463.8,2473.8,0
2017-07-20,2475.6,2477.6,2468.4,2473.4,0
2017-07-21,2467.4,2472.5,2465.1,2472.5,0
2017-07-24,2472.0,2473.1,2466.3,2469.9,0
2017-07-25,2477.9,2481.2,2474.9,2477.1,0
2017-07-26,2480.0,2481.7,2474.9,2477.8,0
2017-07-27,2482.8,2484.0,2459.9,2475.4,0
2017-07-28,2469.1,2473.5,2464.7,2472.1,0
2017-07-31,2475.9,2478.0,2468.5,2470.3,0
2017-08-01,2477.1,2478.5,2471.1,2476.3,0
2017-08-02,2480.4,2480.4,2466.5,2477.6,0
2017-08-03,2476.0,2476.0,2468.8,2472.2,0
2017-08-04,2476.9,2480.0,2472.1,2476.8,0
2017-08-07,2477.1,2480.9,2475.9,2480.9,0
2017-08-08,2478.3,2490.9,2470.3,2474.9,0
2017-08-09,2465.3,2474.4,2462.1,2474.0,0
2017-08-10,2465.4,2465.4,2437.8,2438.2,0
2017-08-11,2441.0,2448.1,2437.8,2441.3,0
2017-08-14,2455.0,2468.2,2455.0,2465.8,0
2017-08-15,2468.7,2468.9,2461.6,2464.6,0
2017-08-16,2468.6,2474.9,2463.9,2468.1,0
2017-08-17,2462.9,2465.0,2430.0,2430.0,0
2017-08-18,2427.6,2440.3,2420.7,2425.6,0
2017-08-21,2425.5,2430.6,2417.3,2428.4,0
2017-08-22,2433.8,2454.8,2433.7,2452.5,0
2017-08-23,2444.9,2448.9,2441.4,2444.0,0
2017-08-24,2447.9,2450.4,2436.2,2439.0,0
2017-08-25,2444.7,2454.0,2442.2,2443.1,0
2017-08-28,2447.3,2449.1,2439.0,2444.2,0
2017-08-29,2431.9,2449.2,2428.2,2446.3,0
2017-08-30,2446.1,2460.3,2443.8,2457.6,0
2017-08-31,2462.7,2475.0,2462.7,2471.7,0
2017-09-01,2474.4,2480.4,2473.8,2476.6,0
2017-09-05,2470.3,2472.0,2446.6,2457.8,0
2017-09-06,2463.8,2469.6,2459.2,2465.5,0
2017-09-07,2468.1,2468.6,2460.3,2465.1,0
2017-09-08,2462.2,2467.1,2459.4,2461.4,0
2017-09-11,2474.5,2488.9,2474.5,2488.1,0
2017-09-12,2491.9,2496.8,2490.4,2496.5,0
2017-09-13,2493.9,2498.4,2492.1,2498.4,0
2017-09-14,2494.6,2498.4,2491.3,2495.6,0
2017-09-15,2495.7,2500.2,2493.2,2500.2,0
2017-09-18,2502.5,2508.3,2499.9,2503.9,0
2017-09-19,2506.3,2507.8,2503.2,2506.7,0
2017-09-20,2506.8,2508.8,2496.7,2508.2,0
2017-09-21,2507.2,2507.2,2499.0,2500.6,0
2017-09-22,2497.3,2503.5,2496.5,2502.2,0
2017-09-25,2499.4,2502.5,2488.0,2496.7,0
2017-09-26,2501.0,2503.5,2495.1,2496.8,0
2017-09-27,2503.3,2511.8,2495.9,2507.0,0
2017-09-28,2503.4,2510.8,2502.9,2510.1,0
2017-09-29,2510.0,2519.4,2508.0,2519.4,0
2017-10-02,2521.2,2529.2,2520.4,2529.1,0
2017-10-03,2530.3,2535.1,2528.8,2534.6,0
2017-10-04,2533.5,2540.5,2531.8,2537.7,0
2017-10-05,2540.9,2552.5,2540.0,2552.1,0
2017-10-06,2547.4,2549.4,2543.8,2549.3,0
2017-10-09,2551.4,2551.8,2541.6,2544.7,0
2017-10-10,2550.0,2555.2,2544.9,2550.6,0
2017-10-11,2550.6,2555.2,2547.9,2555.2,0
2017-10-12,2552.9,2555.3,2548.3,2550.9,0
2017-10-13,2555.7,2557.7,2552.1,2553.2,0
2017-10-16,2555.6,2559.5,2552.6,2557.6,0
2017-10-17,2557.2,2559.7,2554.7,2559.4,0
2017-10-18,2562.9,2564.1,2559.7,2561.3,0
2017-10-19,2553.4,2562.4,2547.9,2562.1,0
2017-10-20,2567.6,2575.4,2567.6,2575.2,0
2017-10-23,2578.1,2578.3,2564.3,2565.0,0
2017-10-24,2568.7,2572.2,2565.6,2569.1,0
2017-10-25,2566.5,2567.4,2544.0,2557.2,0
2017-10-26,2560.1,2567.1,2559.8,2560.4,0
2017-10-27,2570.3,2583.0,2565.9,2581.1,0
2017-10-30,2577.8,2580.0,2568.2,2572.8,0
2017-10-31,2576.0,2578.3,2572.2,2575.3,0
2017-11-01,2583.2,2588.4,2574.9,2579.4,0
2017-11-02,2579.5,2581.1,2566.2,2579.8,0
2017-11-03,2581.9,2588.4,2576.8,2587.8,0
2017-11-06,2587.5,2593.4,2585.7,2591.1,0
2017-11-07,2592.1,2597.0,2584.3,2590.6,0
2017-11-08,2588.7,2595.5,2585.0,2594.4,0
2017-11-09,2584.0,2586.5,2566.3,2584.6,0
2017-11-10,2580.2,2583.8,2575.6,2582.3,0
2017-11-13,2576.5,2587.7,2574.5,2584.8,0
2017-11-14,2577.8,2579.7,2566.6,2578.9,0
2017-11-15,2569.4,2572.8,2557.4,2564.6,0
2017-11-16,2572.9,2590.1,2572.9,2585.6,0
2017-11-17,2582.9,2584.0,2577.6,2578.8,0
2017-11-20,2579.5,2584.6,2578.2,2582.1,0
2017-11-21,2589.2,2601.2,2589.2,2599.0,0
2017-11-22,2600.3,2600.9,2595.2,2597.1,0
2017-11-24,2600.4,2604.2,2600.4,2602.4,0
2017-11-27,2602.7,2606.4,2598.9,2601.4,0
2017-11-28,2605.9,2627.7,2605.4,2627.0,0
2017-11-29,2627.8,2634.9,2620.3,2626.1,0
2017-11-30,2633.9,2657.7,2633.9,2647.6,0
2017-12-01,2645.1,2650.6,2605.5,2642.2,0
2017-12-04,2657.2,2665.2,2639.0,2639.4,0
2017-12-05,2639.8,2648.7,2627.7,2629.6,0
2017-12-06,2626.2,2634.4,2624.8,2629.3,0
2017-12-07,2628.4,2641.0,2626.5,2637.0,0
2017-12-08,2646.2,2651.7,2644.1,2651.5,0
2017-12-11,2652.2,2660.3,2651.5,2660.0,0
2017-12-12,2661.7,2669.7,2659.8,2664.1,0
2017-12-13,2667.6,2671.9,2662.8,2662.8,0
2017-12-14,2665.9,2668.1,2652.0,2652.0,0
2017-12-15,2660.6,2679.6,2659.1,2675.8,0
2017-12-18,2685.9,2695.0,2685.9,2690.2,0
2017-12-19,2692.7,2694.4,2680.7,2681.5,0
2017-12-20,2688.2,2691.0,2676.1,2679.2,0
2017-12-21,2683.0,2692.6,2682.4,2684.6,0
2017-12-22,2684.2,2685.3,2678.1,2683.3,0
2017-12-26,2679.1,2682.7,2678.0,2680.5,0
2017-12-27,2682.1,2685.6,2678.9,2682.6,0
2017-12-28,2686.1,2687.7,2682.7,2687.5,0
2017-12-29,2689.2,2692.1,2673.6,2673.6,0
2018-01-02,2683.7,2695.9,2682.4,2695.8,0
2018-01-03,2697.8,2714.4,2697.8,2713.1,0
2018-01-04,2719.3,2729.3,2719.1,2724.0,0
2018-01-05,2731.3,2743.4,2727.9,2743.2,0
2018-01-08,2742.7,2748.5,2737.6,2747.7,0
2018-01-09,2751.2,2759.1,2747.9,2751.3,0
2018-01-10,2745.6,2750.8,2736.1,2748.2,0
2018-01-11,2753.0,2767.6,2752.8,2767.6,0
2018-01-12,2770.2,2787.8,2769.6,2786.2,0
2018-01-16,2799.0,2807.5,2768.6,2776.4,0
2018-01-17,2785.0,2807.0,2778.4,2802.6,0
2018-01-18,2802.4,2805.8,2792.6,2798.0,0
2018-01-19,2802.6,2810.3,2798.1,2810.3,0
2018-01-22,2809.2,2833.0,2808.1,2833.0,0
2018-01-23,2835.1,2842.2,2830.6,2839.1,0
2018-01-24,2845.4,2853.0,2824.8,2837.5,0
2018-01-25,2846.2,2848.6,2830.9,2839.2,0
2018-01-26,2847.5,2872.9,2846.2,2872.9,0
2018-01-29,2867.2,2870.6,2851.5,2853.5,0
2018-01-30,2832.7,2837.8,2818.3,2822.4,0
2018-01-31,2832.4,2839.3,2813.0,2823.8,0
2018-02-01,2816.4,2836.0,2812.7,2822.0,0
2018-02-02,2808.9,2808.9,2760.0,2762.1,0
2018-02-05,2741.1,2763.4,2638.2,2648.9,0
2018-02-06,2614.8,2701.0,2593.1,2695.1,0
2018-02-07,2690.9,2727.7,2681.3,2681.7,0
2018-02-08,2685.0,2685.3,2580.6,2581.0,0
2018-02-09,2601.8,2638.7,2532.7,2619.6,0
2018-02-12,2636.8,2672.6,2622.4,2656.0,0
2018-02-13,2646.3,2668.8,2637.1,2662.9,0
2018-02-14,2651.2,2702.1,2648.9,2698.6,0
2018-02-15,2713.5,2731.5,2689.8,2731.2,0
2018-02-16,2727.1,2754.4,2725.1,2732.2,0
2018-02-20,2723.0,2737.6,2706.8,2716.3,0
2018-02-21,2720.5,2747.8,2701.3,2701.3,0
2018-02-22,2710.4,2731.3,2697.8,2704.0,0
2018-02-23,2715.8,2747.8,2713.7,2747.3,0
2018-02-26,2757.4,2780.6,2753.8,2779.6,0
2018-02-27,2780.4,2789.2,2744.2,2744.3,0
2018-02-28,2753.8,2761.5,2713.5,2713.8,0
2018-03-01,2715.2,2730.9,2659.7,2677.7,0
2018-03-02,2658.9,2696.2,2647.3,2691.2,0
2018-03-05,2681.1,2728.1,2675.8,2720.9,0
2018-03-06,2730.2,2732.1,2711.3,2728.1,0
2018-03-07,2710.2,2730.6,2701.7,2726.8,0
2018-03-08,2732.8,2740.4,2722.7,2739.0,0
2018-03-09,2752.9,2786.6,2751.5,2786.6,0
2018-03-12,2790.5,2797.0,2779.3,2783.0,0
2018-03-13,2792.3,2801.9,2758.7,2765.3,0
2018-03-14,2774.1,2777.1,2744.4,2749.5,0
2018-03-15,2754.3,2763.0,2741.5,2747.3,0
2018-03-16,2750.6,2761.8,2750.0,2752.0,0
2018-03-19,2741.4,2741.4,2694.6,2712.9,0
2018-03-20,2715.1,2724.2,2710.1,2716.9,0
2018-03-21,2715.0,2739.1,2709.8,2711.9,0
2018-03-22,2691.4,2695.7,2641.6,2643.7,0
2018-03-23,2646.7,2657.7,2585.9,2588.3,0
2018-03-26,2619.3,2661.4,2601.8,2658.6,0
2018-03-27,2667.6,2674.8,2596.1,2612.6,0
2018-03-28,2611.3,2632.7,2593.1,2605.0,0
2018-03-29,2614.4,2659.1,2609.7,2640.9,0
2018-04-02,2633.4,2638.3,2553.8,2581.9,0
2018-04-03,2592.2,2619.1,2575.5,2614.4,0
2018-04-04,2584.0,2649.9,2573.6,2644.7,0
2018-04-05,2657.4,2672.1,2649.6,2662.8,0
2018-04-06,2645.8,2656.9,2586.3,2604.5,0
2018-04-09,2617.2,2653.6,2610.8,2613.2,0
2018-04-10,2638.4,2665.4,2635.8,2656.9,0
2018-04-11,2643.9,2661.4,2639.2,2642.2,0
2018-04-12,2653.8,2674.7,2653.8,2664.0,0
2018-04-13,2676.9,2680.3,2645.1,2656.3,0
2018-04-16,2670.1,2686.5,2665.2,2677.8,0
2018-04-17,2692.7,2713.3,2692.1,2706.4,0
2018-04-18,2710.1,2717.5,2703.6,2708.6,0
2018-04-19,2701.2,2702.8,2681.9,2693.1,0
2018-04-20,2692.6,2693.9,2660.6,2670.1,0
2018-04-23,2675.4,2682.9,2658.0,2670.3,0
2018-04-24,2680.8,2683.6,2617.3,2634.6,0
2018-04-25,2634.9,2645.3,2612.7,2639.4,0
2018-04-26,2651.7,2676.5,2647.2,2666.9,0
2018-04-27,2675.5,2677.3,2659.0,2669.9,0
2018-04-30,2675.1,2682.9,2648.0,2648.1,0
2018-05-01,2643.6,2655.3,2625.4,2654.8,0
2018-05-02,2654.2,2660.9,2631.7,2635.7,0
2018-05-03,2628.1,2637.1,2594.6,2629.7,0
2018-05-04,2621.4,2670.9,2615.3,2663.4,0
2018-05-07,2669.4,2683.3,2664.7,2672.6,0
2018-05-08,2670.3,2676.3,2655.2,2671.9,0
2018-05-09,2678.1,2701.3,2674.1,2697.8,0
2018-05-10,2705.0,2726.1,2704.5,2723.1,0
2018-05-11,2722.7,2732.9,2717.4,2727.7,0
2018-05-14,2733.4,2742.1,2725.5,2730.1,0
2018-05-15,2718.6,2718.6,2701.9,2711.4,0
2018-05-16,2712.6,2727.8,2712.2,2722.5,0
2018-05-17,2719.7,2732.0,2711.4,2720.1,0
2018-05-18,2717.3,2719.5,2709.2,2713.0,0
2018-05-21,2725.9,2739.2,2725.7,2733.0,0
2018-05-22,2738.3,2742.2,2721.9,2724.4,0
2018-05-23,2714.0,2733.3,2709.5,2733.3,0
2018-05-24,2730.9,2732.0,2707.4,2727.8,0
2018-05-25,2723.6,2727.4,2715.0,2721.3,0
2018-05-29,2705.1,2710.7,2676.8,2689.9,0
2018-05-30,2702.4,2729.3,2702.4,2724.0,0
2018-05-31,2721.0,2722.5,2700.7,2705.3,0
2018-06-01,2718.7,2736.9,2718.7,2734.6,0
2018-06-04,2741.7,2749.2,2740.5,2746.9,0
2018-06-05,2748.5,2752.6,2739.5,2748.8,0
2018-06-06,2753.2,2772.4,2748.5,2772.3,0
2018-06-07,2774.8,2779.9,2760.2,2770.4,0
2018-06-08,2765.8,2779.4,2763.6,2779.0,0
2018-06-11,2780.2,2790.2,2780.2,2782.0,0
2018-06-12,2785.6,2789.8,2778.8,2786.8,0
2018-06-13,2787.9,2791.5,2774.7,2775.6,0
2018-06-14,2783.2,2789.1,2776.5,2782.5,0
2018-06-15,2777.8,2782.8,2761.7,2779.7,0
2018-06-18,2765.8,2775.0,2757.1,2773.8,0
2018-06-19,2752.0,2765.1,2743.2,2762.6,0
2018-06-20,2769.7,2774.9,2763.9,2767.3,0
2018-06-21,2769.3,2769.3,2744.4,2749.8,0
2018-06-22,2760.8,2764.2,2752.7,2754.9,0
2018-06-25,2742.9,2742.9,2698.7,2717.1,0
2018-06-26,2722.1,2732.9,2715.6,2723.1,0
2018-06-27,2728.4,2746.1,2699.4,2699.6,0
2018-06-28,2698.7,2724.3,2692.0,2716.3,0
2018-06-29,2727.1,2743.3,2718.0,2718.4,0
2018-07-02,2704.9,2727.3,2698.9,2726.7,0
2018-07-03,2733.3,2736.6,2711.2,2713.2,0
2018-07-05,2724.2,2737.8,2716.0,2736.6,0
2018-07-06,2737.7,2764.4,2733.5,2759.8,0
2018-07-09,2768.5,2784.7,2768.5,2784.2,0
2018-07-10,2788.6,2795.6,2786.2,2793.8,0
2018-07-11,2779.8,2785.9,2770.8,2774.0,0
2018-07-12,2783.1,2799.2,2781.5,2798.3,0
2018-07-13,2796.9,2804.5,2791.7,2801.3,0
2018-07-16,2801.4,2803.7,2793.4,2798.4,0
2018-07-17,2789.3,2814.2,2789.2,2809.6,0
2018-07-18,2811.3,2816.8,2805.9,2815.6,0
2018-07-19,2809.4,2812.1,2799.8,2804.5,0
2018-07-20,2804.6,2809.7,2800.0,2801.8,0
2018-07-23,2799.2,2808.6,2795.1,2807.0,0
2018-07-24,2820.7,2830.0,2811.1,2820.4,0
2018-07-25,2817.7,2848.0,2817.7,2846.1,0
2018-07-26,2835.5,2845.6,2835.3,2837.4,0
2018-07-27,2842.3,2843.2,2808.3,2818.8,0
2018-07-30,2819.0,2821.7,2798.1,2802.6,0
2018-07-31,2809.7,2824.5,2808.1,2816.3,0
2018-08-01,2821.2,2825.8,2805.8,2813.4,0
2018-08-02,2800.5,2829.9,2796.3,2827.2,0
2018-08-03,2829.6,2840.4,2827.4,2840.3,0
2018-08-06,2840.3,2853.3,2836.0,2850.4,0
2018-08-07,2855.9,2863.4,2855.9,2858.4,0
2018-08-08,2856.8,2862.4,2853.1,2857.7,0
2018-08-09,2857.2,2862.5,2852.0,2853.6,0
2018-08-10,2839.6,2842.2,2825.8,2833.3,0
2018-08-13,2835.5,2843.4,2819.9,2821.9,0
2018-08-14,2827.9,2843.1,2826.6,2840.0,0
2018-08-15,2827.9,2827.9,2802.5,2818.4,0
2018-08-16,2831.4,2850.5,2831.4,2840.7,0
2018-08-17,2838.3,2855.6,2833.7,2850.1,0
2018-08-20,2853.9,2859.8,2850.6,2857.1,0
2018-08-21,2861.5,2873.2,2861.3,2863.0,0
2018-08-22,2861.0,2867.5,2856.1,2861.8,0
2018-08-23,2860.3,2868.8,2854.0,2857.0,0
2018-08-24,2862.3,2876.2,2862.3,2874.7,0
2018-08-27,2884.7,2898.2,2884.7,2896.7,0
2018-08-28,2901.4,2903.8,2893.5,2897.5,0
2018-08-29,2900.6,2916.5,2898.4,2914.0,0
2018-08-30,2908.9,2912.5,2895.2,2901.1,0
2018-08-31,2898.4,2906.3,2891.7,2901.5,0
2018-09-04,2897.0,2900.2,2885.1,2896.7,0
2018-09-05,2891.6,2894.2,2876.9,2888.6,0
2018-09-06,2888.6,2892.1,2867.3,2878.1,0
2018-09-07,2868.3,2883.8,2864.1,2871.7,0
2018-09-10,2881.4,2886.9,2875.9,2877.1,0
2018-09-11,2871.6,2892.5,2866.8,2887.9,0
2018-09-12,2888.3,2894.7,2879.2,2888.9,0
2018-09-13,2896.8,2906.8,2896.4,2904.2,0
2018-09-14,2906.4,2908.3,2895.8,2905.0,0
2018-09-17,2903.8,2904.7,2886.2,2888.8,0
2018-09-18,2890.7,2911.2,2890.4,2904.3,0
2018-09-19,2906.6,2912.4,2903.8,2907.9,0
2018-09-20,2919.7,2934.8,2919.7,2930.8,0
2018-09-21,2936.8,2940.9,2927.1,2929.7,0
2018-09-24,2921.8,2923.8,2912.6,2919.4,0
2018-09-25,2921.8,2923.9,2913.7,2915.6,0
2018-09-26,2917.0,2931.2,2903.3,2906.0,0
2018-09-27,2911.7,2927.2,2909.3,2914.0,0
2018-09-28,2910.0,2920.5,2907.5,2914.0,0
2018-10-01,2926.3,2937.1,2917.9,2924.6,0
2018-10-02,2923.8,2931.4,2919.4,2923.4,0
2018-10-03,2931.7,2939.9,2921.4,2925.5,0
2018-10-04,2919.3,2919.8,2883.9,2901.6,0
2018-10-05,2902.5,2909.6,2869.3,2885.6,0
2018-10-08,2877.5,2889.4,2862.1,2884.4,0
2018-10-09,2882.5,2894.8,2874.3,2880.3,0
2018-10-10,2873.9,2874.0,2784.9,2785.7,0
2018-10-11,2776.9,2795.1,2710.5,2728.4,0
2018-10-12,2770.5,2775.8,2729.4,2767.1,0
2018-10-15,2763.8,2776.0,2749.0,2750.8,0
2018-10-16,2767.1,2813.5,2766.9,2809.9,0
2018-10-17,2811.7,2816.9,2781.8,2809.2,0
2018-10-18,2802.0,2806.0,2755.2,2768.8,0
2018-10-19,2775.7,2797.8,2760.3,2767.8,0
2018-10-22,2773.9,2778.9,2749.2,2755.9,0
2018-10-23,2721.0,2753.6,2691.4,2740.7,0
2018-10-24,2737.9,2742.6,2651.9,2656.1,0
2018-10-25,2674.9,2722.7,2667.8,2705.6,0
2018-10-26,2667.9,2692.4,2628.2,2658.7,0
2018-10-29,2682.7,2706.8,2603.5,2641.2,0
2018-10-30,2640.7,2685.4,2635.3,2682.6,0
2018-10-31,2705.6,2736.7,2705.6,2711.7,0
2018-11-01,2717.6,2741.7,2708.8,2740.4,0
2018-11-02,2745.4,2756.6,2700.4,2723.1,0
2018-11-05,2726.4,2744.3,2717.9,2738.3,0
2018-11-06,2738.4,2756.8,2737.1,2755.4,0
2018-11-07,2774.1,2815.2,2774.1,2813.9,0
2018-11-08,2806.4,2814.8,2795.0,2806.8,0
2018-11-09,2794.1,2794.1,2764.2,2781.0,0
2018-11-12,2773.9,2776.0,2722.0,2726.2,0
2018-11-13,2730.1,2754.6,2715.0,2722.2,0
2018-11-14,2737.9,2746.8,2685.8,2701.6,0
2018-11-15,2693.5,2735.4,2670.8,2730.2,0
2018-11-16,2718.5,2746.8,2712.2,2736.3,0
2018-11-19,2730.7,2733.2,2681.1,2690.7,0
2018-11-20,2654.6,2669.4,2631.5,2641.9,0
2018-11-21,2657.7,2670.7,2649.8,2649.9,0
2018-11-23,2633.4,2647.6,2631.1,2632.6,0
2018-11-26,2650.0,2674.3,2650.0,2673.4,0
2018-11-27,2663.8,2682.5,2655.9,2682.2,0
2018-11-28,2691.4,2744.0,2684.4,2743.8,0
2018-11-29,2737.0,2753.8,2722.9,2737.8,0
2018-11-30,2737.8,2760.9,2732.8,2760.2,0
2018-12-03,2790.5,2800.2,2773.4,2790.4,0
2018-12-04,2782.4,2785.9,2697.2,2700.1,0
2018-12-06,2663.5,2696.2,2621.5,2695.9,0
2018-12-07,2691.3,2708.5,2623.1,2633.1,0
2018-12-10,2630.9,2647.5,2583.2,2637.7,0
2018-12-11,2664.4,2674.3,2621.3,2636.8,0
2018-12-12,2658.2,2685.4,2650.3,2651.1,0
2018-12-13,2658.7,2670.2,2637.3,2650.5,0
2018-12-14,2629.7,2635.1,2593.8,2599.9,0
2018-12-17,2590.8,2601.1,2530.5,2545.9,0
2018-12-18,2559.9,2574.0,2528.7,2546.2,0
2018-12-19,2547.1,2585.3,2489.0,2507.0,0
2018-12-20,2496.8,2509.6,2441.2,2467.4,0
2018-12-21,2465.4,2504.4,2408.6,2416.6,0
2018-12-24,2400.6,2410.3,2351.1,2351.1,0
2018-12-26,2363.1,2467.8,2346.6,2467.7,0
2018-12-27,2442.5,2489.1,2397.9,2488.8,0
2018-12-28,2498.8,2520.3,2472.9,2485.7,0
2018-12-31,2498.9,2509.2,2482.8,2506.8,0
2019-01-02,2477.0,2519.5,2467.5,2510.0,0
2019-01-03,2491.9,2493.1,2444.0,2447.9,0
2019-01-04,2474.3,2538.1,2474.3,2531.9,0
2019-01-07,2535.6,2566.2,2524.6,2549.7,0
2019-01-08,2568.1,2579.8,2547.6,2574.4,0
2019-01-09,2580.0,2595.3,2568.9,2585.0,0
2019-01-10,2573.5,2597.8,2562.0,2596.6,0
2019-01-11,2588.1,2596.3,2577.4,2596.3,0
2019-01-14,2580.3,2589.3,2570.4,2582.6,0
2019-01-15,2585.1,2613.1,2585.1,2610.3,0
2019-01-16,2614.8,2625.8,2612.7,2616.1,0
2019-01-17,2609.3,2645.1,2606.4,2636.0,0
2019-01-18,2651.3,2675.5,2647.6,2670.7,0
2019-01-22,2657.9,2657.9,2617.3,2632.9,0
2019-01-23,2643.5,2653.2,2612.9,2638.7,0
2019-01-24,2638.8,2647.2,2627.0,2642.3,0
2019-01-25,2657.4,2672.4,2657.3,2664.8,0
2019-01-28,2645.0,2645.0,2624.1,2643.8,0
2019-01-29,2644.9,2650.9,2631.1,2640.0,0
2019-01-30,2653.6,2690.4,2648.3,2681.1,0
2019-01-31,2685.5,2708.9,2678.7,2704.1,0
2019-02-01,2702.3,2716.7,2696.9,2706.5,0
2019-02-04,2706.5,2725.0,2698.8,2724.9,0
2019-02-05,2728.3,2739.0,2724.0,2737.7,0
2019-02-06,2735.1,2738.1,2724.2,2731.6,0
2019-02-07,2717.5,2719.3,2687.3,2706.1,0
2019-02-08,2692.4,2708.1,2681.8,2707.9,0
2019-02-11,2712.4,2718.1,2703.8,2709.8,0
2019-02-12,2722.6,2748.2,2722.6,2744.7,0
2019-02-13,2750.3,2761.8,2748.6,2753.0,0
2019-02-14,2743.5,2757.9,2731.2,2745.7,0
2019-02-15,2760.2,2775.7,2760.2,2775.6,0
2019-02-19,2769.3,2787.3,2767.3,2779.8,0
2019-02-20,2779.1,2789.9,2774.1,2784.7,0
2019-02-21,2780.2,2781.6,2764.6,2774.9,0
2019-02-22,2780.7,2794.2,2779.1,2792.7,0
2019-02-25,2804.3,2813.5,2795.0,2796.1,0
2019-02-26,2792.4,2803.1,2789.5,2793.9,0
2019-02-27,2787.5,2795.8,2775.1,2792.4,0
2019-02-28,2788.1,2793.7,2782.5,2784.5,0
2019-03-01,2798.2,2808.0,2787.4,2803.7,0
2019-03-04,2814.4,2816.9,2767.7,2792.8,0
2019-03-05,2794.4,2796.4,2783.0,2789.7,0
2019-03-06,2790.3,2790.3,2768.7,2771.4,0
2019-03-07,2766.5,2767.2,2739.1,2748.9,0
2019-03-08,2730.8,2744.1,2722.3,2743.1,0
2019-03-11,2747.6,2784.0,2747.6,2783.3,0
2019-03-12,2787.3,2798.3,2786.7,2791.5,0
2019-03-13,2799.8,2821.2,2799.8,2810.9,0
2019-03-14,2810.4,2815.0,2803.5,2808.5,0
2019-03-15,2810.8,2830.7,2810.8,2822.5,0
2019-03-18,2822.6,2835.4,2822.0,2832.9,0
2019-03-19,2840.8,2852.4,2823.3,2832.6,0
2019-03-20,2831.3,2843.5,2812.4,2824.2,0
2019-03-21,2819.7,2860.3,2817.4,2854.9,0
2019-03-22,2844.5,2846.2,2800.5,2800.7,0
2019-03-25,2796.0,2809.8,2785.0,2798.4,0
2019-03-26,2812.7,2829.9,2804.0,2818.5,0
2019-03-27,2819.7,2825.6,2787.7,2805.4,0
2019-03-28,2809.4,2819.7,2798.8,2815.4,0
2019-03-29,2828.3,2836.0,2819.2,2834.4,0
2019-04-01,2848.6,2869.4,2848.6,2867.2,0
2019-04-02,2868.2,2872.9,2858.8,2867.2,0
2019-04-03,2876.1,2885.2,2865.2,2873.4,0
2019-04-04,2874.0,2881.3,2867.1,2879.4,0
2019-04-05,2884.2,2893.2,2883.0,2892.7,0
2019-04-08,2888.5,2895.9,2880.8,2895.8,0
2019-04-09,2886.6,2886.9,2873.3,2878.2,0
2019-04-10,2881.4,2889.7,2879.1,2888.2,0
2019-04-11,2891.9,2893.4,2882.0,2888.3,0
2019-04-12,2900.9,2910.5,2898.4,2907.4,0
2019-04-15,2908.3,2909.6,2896.5,2905.6,0
2019-04-16,2912.3,2916.1,2900.7,2907.1,0
2019-04-17,2916.0,2918.0,2895.4,2900.4,0
2019-04-18,2904.8,2908.4,2891.9,2905.0,0
2019-04-22,2898.8,2909.5,2896.3,2908.0,0
2019-04-23,2910.0,2936.3,2908.5,2933.7,0
2019-04-24,2934.0,2936.8,2926.1,2927.2,0
2019-04-25,2929.0,2933.1,2912.8,2926.2,0
2019-04-26,2925.8,2939.9,2917.6,2939.9,0
2019-04-29,2940.6,2949.5,2939.3,2943.0,0
2019-04-30,2937.1,2948.2,2924.1,2945.8,0
2019-05-01,2952.3,2954.1,2923.4,2923.7,0
2019-05-02,2922.2,2931.7,2900.5,2917.5,0
2019-05-03,2929.2,2947.8,2929.2,2945.6,0
2019-05-06,2908.9,2937.3,2898.2,2932.5,0
2019-05-07,2913.0,2913.0,2862.6,2884.1,0
2019-05-08,2879.6,2898.0,2873.3,2879.4,0
2019-05-09,2859.8,2876.0,2836.4,2870.7,0
2019-05-10,2863.1,2891.3,2825.4,2881.4,0
2019-05-13,2840.2,2840.2,2801.4,2811.9,0
2019-05-14,2820.1,2852.5,2820.1,2834.4,0
2019-05-15,2820.4,2858.7,2815.1,2851.0,0
2019-05-16,2855.8,2892.2,2855.8,2876.3,0
2019-05-17,2858.6,2885.5,2854.2,2859.5,0
2019-05-20,2841.9,2853.9,2831.3,2840.2,0
2019-05-21,2854.0,2868.9,2854.0,2864.4,0
2019-05-22,2856.1,2865.5,2851.1,2856.3,0
2019-05-23,2836.7,2836.7,2805.5,2822.2,0
2019-05-24,2832.4,2841.4,2820.2,2826.1,0
2019-05-28,2830.0,2840.5,2801.6,2802.4,0
2019-05-29,2790.2,2792.0,2766.1,2783.0,0
2019-05-30,2786.9,2799.0,2776.7,2788.9,0
2019-05-31,2766.2,2769.0,2750.5,2752.1,0
2019-06-03,2751.5,2763.1,2728.8,2744.4,0
2019-06-04,2762.6,2804.5,2762.6,2803.3,0
2019-06-05,2818.1,2827.3,2800.9,2826.2,0
2019-06-06,2828.5,2852.1,2822.4,2843.5,0
2019-06-07,2852.9,2885.0,2852.9,2873.3,0
2019-06-10,2885.8,2904.8,2885.5,2886.7,0
2019-06-11,2903.3,2910.6,2878.5,2885.7,0
2019-06-12,2882.7,2888.6,2874.7,2879.8,0
2019-06-13,2886.2,2895.2,2882.0,2891.6,0
2019-06-14,2886.8,2894.4,2879.6,2887.0,0
2019-06-17,2889.8,2897.3,2887.3,2889.7,0
2019-06-18,2906.7,2930.8,2905.4,2917.8,0
2019-06-19,2920.6,2931.7,2911.4,2926.5,0
2019-06-20,2949.6,2958.1,2931.5,2954.2,0
2019-06-21,2952.7,2964.2,2946.9,2950.5,0
2019-06-24,2951.4,2954.9,2944.1,2945.3,0
2019-06-25,2945.8,2946.5,2916.0,2917.4,0
2019-06-26,2926.1,2932.6,2913.0,2913.8,0
2019-06-27,2919.7,2929.3,2918.6,2924.9,0
2019-06-28,2932.9,2944.0,2929.1,2941.8,0
2019-07-01,2971.4,2977.9,2952.2,2964.3,0
2019-07-02,2964.7,2973.2,2955.9,2973.0,0
2019-07-03,2978.1,2995.8,2978.0,2995.8,0
2019-07-05,2984.2,2994.0,2968.0,2990.4,0
2019-07-08,2979.8,2980.8,2970.1,2975.9,0
2019-07-09,2965.5,2981.9,2963.4,2979.6,0
2019-07-10,2989.3,3003.0,2984.6,2993.1,0
2019-07-11,2999.6,3002.3,2988.8,2999.9,0
2019-07-12,3003.4,3013.9,3001.9,3013.8,0
2019-07-15,3017.8,3017.8,3008.8,3014.3,0
2019-07-16,3012.1,3015.0,3001.2,3004.0,0
2019-07-17,3005.1,3005.3,2984.2,2984.4,0
2019-07-18,2978.9,2998.3,2973.1,2995.1,0
2019-07-19,3004.3,3006.0,2975.9,2976.6,0
2019-07-22,2981.9,2990.7,2976.7,2985.0,0
2019-07-23,2994.7,3005.9,2988.6,3005.5,0
2019-07-24,2998.8,3019.6,2996.8,3019.6,0
2019-07-25,3016.3,3016.3,2997.2,3003.7,0
2019-07-26,3013.2,3028.0,3012.6,3025.9,0
2019-07-29,3024.5,3025.6,3014.3,3021.0,0
2019-07-30,3007.7,3017.2,3000.9,3013.2,0
2019-07-31,3016.2,3017.4,2958.1,2980.4,0
2019-08-01,2980.3,3013.6,2945.2,2953.6,0
2019-08-02,2943.9,2945.5,2914.1,2932.1,0
2019-08-05,2898.1,2898.1,2822.1,2844.7,0
2019-08-06,2861.2,2884.4,2847.4,2881.8,0
2019-08-07,2858.7,2892.2,2825.7,2884.0,0
2019-08-08,2896.2,2938.7,2894.5,2938.1,0
2019-08-09,2930.5,2935.8,2900.2,2918.7,0
2019-08-12,2907.1,2907.6,2873.1,2883.8,0
2019-08-13,2880.7,2943.3,2877.1,2926.3,0
2019-08-14,2894.2,2894.2,2839.6,2840.6,0
2019-08-15,2846.2,2856.7,2825.5,2847.6,0
2019-08-16,2864.7,2893.6,2864.7,2888.7,0
2019-08-19,2913.5,2931.0,2913.5,2923.7,0
2019-08-20,2919.0,2923.6,2899.6,2900.5,0
2019-08-21,2922.0,2928.7,2917.9,2924.4,0
2019-08-22,2930.9,2939.1,2904.5,2922.9,0
2019-08-23,2911.1,2927.0,2835.0,2847.1,0
2019-08-26,2866.7,2879.3,2856.0,2878.4,0
2019-08-27,2893.1,2898.8,2860.6,2869.2,0
2019-08-28,2861.3,2890.0,2853.1,2887.9,0
2019-08-29,2910.4,2930.5,2905.7,2924.6,0
2019-08-30,2937.1,2940.4,2913.3,2926.5,0
2019-09-03,2909.0,2914.4,2891.8,2906.3,0
2019-09-04,2924.7,2938.8,2921.9,2937.8,0
2019-09-05,2960.6,2985.9,2960.6,2976.0,0
2019-09-06,2980.3,2985.0,2972.5,2978.7,0
2019-09-09,2988.4,2989.4,2969.4,2978.4,0
2019-09-10,2971.0,2979.4,2957.0,2979.4,0
2019-09-11,2981.4,3000.9,2975.3,3000.9,0
2019-09-12,3009.1,3020.7,3000.9,3009.6,0
2019-09-13,3012.2,3017.3,3002.9,3007.4,0
2019-09-16,2996.4,3002.2,2990.7,2998.0,0
2019-09-17,2995.7,3006.2,2993.7,3005.7,0
2019-09-18,3001.5,3007.8,2978.6,3006.7,0
2019-09-19,3010.4,3022.0,3003.2,3006.8,0
2019-09-20,3008.4,3016.4,2984.7,2992.1,0
2019-09-23,2983.5,2999.2,2982.2,2991.8,0
2019-09-24,3002.4,3008.0,2957.7,2966.6,0
2019-09-25,2968.3,2989.8,2952.9,2984.9,0
2019-09-26,2985.7,2987.3,2963.7,2977.6,0
2019-09-27,2985.5,2987.3,2945.5,2961.8,0
2019-09-30,2967.1,2983.8,2967.1,2976.7,0
2019-10-01,2983.7,2992.5,2938.7,2940.2,0
2019-10-02,2924.8,2924.8,2874.9,2887.6,0
2019-10-03,2885.4,2911.1,2855.9,2910.6,0
2019-10-04,2918.6,2953.7,2918.6,2952.0,0
2019-10-07,2944.2,2959.8,2935.7,2938.8,0
2019-10-08,2920.4,2925.5,2892.7,2893.1,0
2019-10-09,2911.1,2929.3,2907.4,2919.4,0
2019-10-10,2918.6,2948.5,2917.1,2938.1,0
2019-10-11,2963.1,2993.3,2963.1,2970.3,0
2019-10-14,2965.8,2972.8,2962.9,2966.2,0
2019-10-15,2973.6,3003.3,2973.6,2995.7,0
2019-10-16,2989.7,2997.5,2985.2,2989.7,0
2019-10-17,3000.8,3008.3,2991.8,2997.9,0
2019-10-18,2996.8,3000.0,2976.3,2986.2,0
2019-10-21,2996.5,3007.3,2995.3,3006.7,0
2019-10-22,3010.7,3014.6,2995.0,2996.0,0
2019-10-23,2994.0,3004.8,2991.2,3004.5,0
2019-10-24,3014.8,3016.1,3000.4,3010.3,0
2019-10-25,3003.3,3027.4,3001.9,3022.6,0
2019-10-28,3032.1,3044.1,3032.1,3039.4,0
2019-10-29,3035.4,3047.9,3034.8,3036.9,0
2019-10-30,3039.7,3050.1,3026.0,3046.8,0
2019-10-31,3046.9,3046.9,3023.2,3037.6,0
2019-11-01,3050.7,3066.9,3050.7,3066.9,0
2019-11-04,3079.0,3085.2,3074.9,3078.3,0
2019-11-05,3080.8,3083.9,3072.2,3074.6,0
2019-11-06,3075.1,3078.3,3065.9,3076.8,0
2019-11-07,3087.0,3097.8,3080.2,3085.2,0
2019-11-08,3081.2,3093.1,3073.6,3093.1,0
2019-11-11,3080.3,3088.3,3075.8,3087.0,0
2019-11-12,3089.3,3102.6,3084.7,3091.8,0
2019-11-13,3084.2,3098.1,3078.8,3094.0,0
2019-11-14,3090.8,3098.2,3083.3,3096.6,0
2019-11-15,3107.9,3120.5,3104.6,3120.5,0
2019-11-18,3117.9,3124.2,3112.1,3122.0,0
2019-11-19,3127.4,3127.6,3113.5,3120.2,0
2019-11-20,3114.7,3119.0,3091.4,3108.5,0
2019-11-21,3108.5,3110.1,3094.6,3103.5,0
2019-11-22,3111.4,3112.9,3099.3,3110.3,0
2019-11-25,3117.4,3133.8,3117.4,3133.6,0
2019-11-26,3134.8,3142.7,3131.0,3140.5,0
2019-11-27,3145.5,3154.3,3143.4,3153.6,0
2019-11-29,3147.2,3150.3,3139.3,3141.0,0
2019-12-02,3143.8,3144.3,3110.8,3113.9,0
2019-12-03,3087.4,3095.0,3070.3,3093.2,0
2019-12-04,3103.5,3119.4,3102.5,3112.8,0
2019-12-05,3119.2,3119.4,3103.8,3117.4,0
2019-12-06,3134.6,3150.6,3134.6,3145.9,0
2019-12-09,3141.9,3148.9,3135.5,3136.0,0
2019-12-10,3135.4,3142.1,3126.1,3132.5,0
2019-12-11,3135.8,3144.0,3133.2,3141.6,0
2019-12-12,3141.2,3176.3,3138.5,3168.6,0
2019-12-13,3166.7,3182.7,3156.5,3168.8,0
2019-12-16,3183.6,3197.7,3183.6,3191.4,0
2019-12-17,3195.4,3198.2,3191.0,3192.5,0
2019-12-18,3195.2,3198.5,3191.1,3191.1,0
2019-12-19,3192.3,3205.5,3192.3,3205.4,0
2019-12-20,3223.3,3225.7,3216.0,3221.2,0
2019-12-23,3226.1,3227.8,3222.3,3224.0,0
2019-12-24,3225.4,3226.4,3220.5,3223.4,0
2019-12-26,3227.2,3240.1,3227.2,3239.9,0
2019-12-27,3247.2,3247.9,3234.4,3240.0,0
2019-12-30,3240.1,3240.9,3216.6,3221.3,0
2019-12-31,3215.2,3231.7,3212.0,3230.8,0
2020-01-02,3244.7,3258.1,3235.5,3257.8,0
2020-01-03,3226.4,3246.2,3222.3,3234.8,0
2020-01-06,3217.6,3246.8,3214.6,3246.3,0
2020-01-07,3241.9,3244.9,3232.4,3237.2,0
2020-01-08,3238.6,3267.1,3236.7,3253.1,0
2020-01-09,3266.0,3275.6,3263.7,3274.7,0
2020-01-10,3281.8,3283.0,3260.9,3265.3,0
2020-01-13,3271.1,3288.1,3268.4,3288.1,0
2020-01-14,3285.3,3294.2,3277.2,3283.2,0
2020-01-15,3282.3,3298.7,3280.7,3289.3,0
2020-01-16,3303.0,3317.1,3302.8,3316.8,0
2020-01-17,3323.7,3329.9,3318.9,3329.6,0
2020-01-21,3321.0,3329.8,3316.6,3320.8,0
2020-01-22,3330.0,3337.8,3320.0,3321.8,0
2020-01-23,3315.8,3326.9,3301.9,3325.5,0
2020-01-24,3333.1,3333.2,3281.5,3295.5,0
2020-01-27,3247.2,3258.8,3234.5,3243.6,0
2020-01-28,3255.3,3285.8,3253.2,3276.2,0
2020-01-29,3289.5,3293.5,3271.9,3273.4,0
2020-01-30,3256.4,3285.9,3242.8,3283.7,0
2020-01-31,3282.3,3282.3,3214.7,3225.5,0
2020-02-03,3235.7,3268.4,3235.7,3248.9,0
2020-02-04,3280.6,3306.9,3280.6,3297.6,0
2020-02-05,3324.9,3337.6,3313.8,3334.7,0
2020-02-06,3344.9,3348.0,3334.4,3345.8,0
2020-02-07,3335.5,3341.4,3322.1,3327.7,0
2020-02-10,3318.3,3352.3,3317.8,3352.1,0
2020-02-11,3365.9,3375.6,3352.7,3357.8,0
2020-02-12,3370.5,3381.5,3369.7,3379.4,0
2020-02-13,3365.9,3385.1,3360.5,3373.9,0
2020-02-14,3378.1,3380.7,3366.2,3380.2,0
2020-02-18,3369.0,3375.0,3355.6,3370.3,0
2020-02-19,3380.4,3393.5,3378.8,3386.2,0
2020-02-20,3380.4,3389.2,3341.0,3373.2,0
2020-02-21,3360.5,3360.8,3328.4,3337.8,0
2020-02-24,3257.6,3259.8,3214.7,3225.9,0
2020-02-25,3238.9,3247.0,3118.8,3128.2,0
2020-02-26,3139.9,3182.5,3109.0,3116.4,0
2020-02-27,3062.5,3097.1,2977.4,2978.8,0
2020-02-28,2916.9,2959.7,2855.8,2954.2,0
2020-03-02,2974.3,3091.0,2945.2,3090.2,0
2020-03-03,3096.5,3136.7,2976.6,3003.4,0
2020-03-04,3045.8,3131.0,3034.4,3130.1,0
2020-03-05,3075.7,3083.0,2999.8,3023.9,0
2020-03-06,2954.2,2985.9,2901.5,2972.4,0
2020-03-09,2863.9,2863.9,2734.4,2746.6,0
2020-03-10,2813.5,2882.6,2734.0,2882.2,0
2020-03-11,2825.6,2825.6,2707.2,2741.4,0
2020-03-12,2630.9,2660.9,2478.9,2480.6,0
2020-03-13,2570.0,2711.3,2492.4,2711.0,0
2020-03-16,2508.6,2563.0,2380.9,2386.1,0
2020-03-17,2425.7,2553.9,2367.0,2529.2,0
2020-03-18,2436.5,2453.6,2280.5,2398.1,0
2020-03-19,2393.5,2467.0,2319.8,2409.4,0
2020-03-20,2431.9,2453.0,2295.6,2304.9,0
2020-03-23,2290.7,2300.7,2191.9,2237.4,0
2020-03-24,2344.4,2449.7,2344.4,2447.3,0
2020-03-25,2457.8,2571.4,2407.5,2475.6,0
2020-03-26,2501.3,2637.0,2500.7,2630.1,0
2020-03-27,2555.9,2615.9,2520.0,2541.5,0
2020-03-30,2559.0,2631.8,2545.3,2626.7,0
2020-03-31,2614.7,2641.4,2571.2,2584.6,0
2020-04-01,2498.1,2522.8,2447.5,2470.5,0
2020-04-02,2458.5,2533.2,2455.8,2526.9,0
2020-04-03,2514.9,2538.2,2460.0,2488.7,0
2020-04-06,2578.3,2676.8,2574.6,2663.7,0
2020-04-07,2738.7,2756.9,2657.7,2659.4,0
2020-04-08,2685.0,2760.8,2663.3,2750.0,0
2020-04-09,2777.0,2818.6,2762.4,2789.8,0
2020-04-13,2782.5,2782.5,2721.2,2761.6,0
2020-04-14,2805.1,2851.8,2805.1,2846.1,0
2020-04-15,2795.6,2801.9,2761.5,2783.4,0
2020-04-16,2799.3,2806.5,2764.3,2799.6,0
2020-04-17,2842.4,2879.2,2830.9,2874.6,0
2020-04-20,2845.6,2869.0,2820.4,2823.2,0
2020-04-21,2784.8,2785.5,2727.1,2736.6,0
2020-04-22,2787.9,2815.1,2775.9,2799.3,0
2020-04-23,2810.4,2844.9,2794.3,2797.8,0
2020-04-24,2812.6,2842.7,2791.8,2836.7,0
2020-04-27,2854.7,2887.7,2852.9,2878.5,0
2020-04-28,2910.0,2921.2,2860.7,2863.4,0
2020-04-29,2918.5,2954.9,2912.2,2939.5,0
2020-04-30,2930.9,2930.9,2892.5,2912.4,0
2020-05-01,2869.1,2869.1,2821.6,2830.7,0
2020-05-04,2815.0,2844.2,2797.8,2842.7,0
2020-05-05,2868.9,2898.2,2863.6,2868.4,0
2020-05-06,2883.1,2891.1,2847.7,2848.4,0
2020-05-07,2878.3,2901.9,2876.5,2881.2,0
2020-05-08,2908.8,2932.2,2902.9,2929.8,0
2020-05-11,2915.5,2944.2,2903.4,2930.3,0
2020-05-12,2939.5,2945.8,2869.6,2870.1,0
2020-05-13,2865.9,2874.1,2793.2,2820.0,0
2020-05-14,2794.5,2852.8,2766.6,2852.5,0
2020-05-15,2829.9,2865.0,2816.8,2863.7,0
2020-05-18,2913.9,2968.1,2913.9,2953.9,0
2020-05-19,2948.6,2964.2,2922.3,2922.9,0
2020-05-20,2953.6,2980.3,2953.6,2971.6,0
2020-05-21,2969.9,2978.5,2938.6,2948.5,0
2020-05-22,2948.1,2956.8,2933.6,2955.4,0
2020-05-26,3004.1,3021.7,2988.2,2991.8,0
2020-05-27,3015.7,3036.2,2969.8,3036.1,0
2020-05-28,3046.6,3068.7,3023.4,3029.7,0
2020-05-29,3025.2,3049.2,2998.6,3044.3,0
2020-06-01,3038.8,3062.2,3031.5,3055.7,0
2020-06-02,3064.8,3081.1,3051.6,3080.8,0
2020-06-03,3098.9,3130.9,3098.9,3122.9,0
2020-06-04,3111.6,3128.9,3090.4,3112.3,0
2020-06-05,3163.8,3211.7,3163.8,3193.9,0
2020-06-08,3199.9,3233.1,3196.0,3232.4,0
2020-06-09,3213.3,3222.7,3193.1,3207.2,0
2020-06-10,3213.4,3223.3,3181.5,3190.1,0
2020-06-11,3123.5,3123.5,2999.5,3002.1,0
2020-06-12,3071.0,3088.4,2984.5,3041.3,0
2020-06-15,2993.8,3079.8,2965.7,3066.6,0
2020-06-16,3131.0,3153.4,3076.1,3124.7,0
2020-06-17,3136.1,3141.2,3108.0,3113.5,0
2020-06-18,3101.6,3120.0,3093.5,3115.3,0
2020-06-19,3140.3,3155.5,3083.1,3097.7,0
2020-06-22,3094.4,3120.9,3079.4,3117.9,0
2020-06-23,3138.7,3154.9,3127.1,3131.3,0
2020-06-24,3114.4,3115.0,3032.1,3050.3,0
2020-06-25,3046.6,3086.2,3024.0,3083.8,0
2020-06-26,3073.2,3073.7,3004.6,3009.1,0
2020-06-29,3018.6,3053.9,2999.7,3053.2,0
2020-06-30,3050.2,3111.5,3047.8,3100.3,0
2020-07-01,3105.9,3128.4,3101.2,3115.9,0
2020-07-02,3143.6,3165.8,3124.5,3130.0,0
2020-07-06,3155.3,3182.6,3155.3,3179.7,0
2020-07-07,3166.4,3184.2,3142.9,3145.3,0
2020-07-08,3153.1,3171.8,3136.5,3169.9,0
2020-07-09,3176.2,3179.8,3115.7,3152.1,0
2020-07-10,3152.5,3186.8,3136.2,3185.0,0
2020-07-13,3205.1,3235.3,3149.4,3155.2,0
2020-07-14,3141.1,3200.9,3127.7,3197.5,0
2020-07-15,3226.0,3238.3,3200.8,3226.6,0
2020-07-16,3208.4,3220.4,3198.6,3215.6,0
2020-07-17,3224.2,3233.5,3205.7,3224.7,0
2020-07-20,3224.3,3258.6,3215.2,3251.8,0
2020-07-21,3268.5,3277.3,3247.8,3257.3,0
2020-07-22,3254.9,3279.3,3253.1,3276.0,0
2020-07-23,3271.6,3280.0,3222.7,3235.7,0
2020-07-24,3218.6,3227.3,3200.1,3215.6,0
2020-07-27,3219.8,3241.4,3214.2,3239.4,0
2020-07-28,3234.3,3243.7,3216.2,3218.4,0
2020-07-29,3227.2,3264.7,3227.2,3258.4,0
2020-07-30,3231.8,3250.9,3204.1,3246.2,0
2020-07-31,3270.4,3272.2,3220.3,3271.1,0
2020-08-03,3288.3,3302.7,3284.5,3294.6,0
2020-08-04,3289.9,3306.8,3286.4,3306.5,0
2020-08-05,3317.4,3330.8,3317.4,3327.8,0
2020-08-06,3323.2,3351.0,3318.1,3349.2,0
2020-08-07,3340.1,3352.5,3328.7,3351.3,0
2020-08-10,3356.0,3363.3,3335.4,3360.5,0
2020-08-11,3370.3,3381.0,3326.4,3333.7,0
2020-08-12,3355.5,3387.9,3355.5,3380.3,0
2020-08-13,3372.9,3387.2,3363.3,3373.4,0
2020-08-14,3368.7,3378.5,3361.6,3372.8,0
2020-08-17,3380.9,3387.6,3379.2,3382.0,0
2020-08-18,3387.0,3395.1,3370.2,3389.8,0
2020-08-19,3392.5,3399.5,3369.7,3374.8,0
2020-08-20,3360.5,3390.8,3354.7,3385.5,0
2020-08-21,3386.0,3400.0,3379.3,3397.2,0
2020-08-24,3418.1,3432.1,3413.1,3431.3,0
2020-08-25,3435.9,3444.2,3425.8,3443.6,0
2020-08-26,3450.0,3481.1,3444.2,3478.7,0
2020-08-27,3485.1,3501.4,3468.3,3484.6,0
2020-08-28,3494.7,3509.2,3484.3,3508.0,0
2020-08-31,3509.7,3514.8,3493.2,3500.3,0
2020-09-01,3507.4,3528.0,3494.6,3526.7,0
2020-09-02,3543.8,3588.1,3535.2,3580.8,0
2020-09-03,3564.7,3564.8,3427.4,3455.1,0
2020-09-04,3453.6,3479.2,3349.6,3427.0,0
2020-09-08,3371.9,3380.0,3329.3,3331.8,0
2020-09-09,3369.8,3424.8,3366.8,3399.0,0
2020-09-10,3412.6,3425.6,3329.2,3339.2,0
2020-09-11,3352.7,3368.9,3310.5,3341.0,0
2020-09-14,3363.6,3402.9,3363.6,3383.5,0
2020-09-15,3407.7,3419.5,3389.2,3401.2,0
2020-09-16,3411.2,3428.9,3384.4,3385.5,0
2020-09-17,3346.9,3375.2,3328.8,3357.0,0
2020-09-18,3357.4,3362.3,3292.4,3319.5,0
2020-09-21,3285.6,3285.6,3229.1,3281.1,0
2020-09-22,3295.8,3320.3,3270.9,3315.6,0
2020-09-23,3320.1,3323.3,3232.6,3236.9,0
2020-09-24,3226.1,3278.7,3209.4,3246.6,0
2020-09-25,3236.7,3306.9,3228.4,3298.5,0
2020-09-28,3333.9,3360.7,3332.9,3351.6,0
2020-09-29,3350.9,3357.9,3327.5,3335.5,0
2020-09-30,3341.2,3393.6,3340.5,3363.0,0
2020-10-01,3385.9,3397.2,3361.4,3380.8,0
2020-10-02,3338.9,3369.1,3323.7,3348.4,0
2020-10-05,3367.3,3409.6,3367.3,3408.6,0
2020-10-06,3408.7,3431.6,3354.5,3360.9,0
2020-10-07,3384.6,3426.3,3384.6,3419.4,0
2020-10-08,3434.3,3447.3,3428.2,3446.8,0
2020-10-09,3459.7,3482.3,3458.1,3477.1,0
2020-10-12,3500.0,3549.8,3499.6,3534.2,0
2020-10-13,3534.0,3534.0,3500.9,3511.9,0
2020-10-14,3515.5,3527.9,3480.6,3488.7,0
2020-10-15,3453.7,3489.1,3440.9,3483.3,0
2020-10-16,3493.5,3515.8,3480.4,3483.8,0
2020-10-19,3493.7,3502.4,3419.9,3426.9,0
2020-10-20,3439.4,3476.9,3435.7,3443.1,0
2020-10-21,3439.9,3464.9,3433.1,3435.6,0
2020-10-22,3438.5,3460.5,3415.3,3453.5,0
2020-10-23,3464.9,3466.5,3440.4,3465.4,0
2020-10-26,3441.4,3441.4,3364.9,3401.0,0
2020-10-27,3403.2,3409.5,3388.7,3390.7,0
2020-10-28,3342.5,3342.5,3268.9,3271.0,0
2020-10-29,3277.2,3341.1,3259.8,3310.1,0
2020-10-30,3293.6,3304.9,3233.9,3270.0,0
2020-11-02,3296.2,3330.1,3279.7,3310.2,0
2020-11-03,3336.2,3389.5,3336.2,3369.2,0
2020-11-04,3406.5,3486.2,3405.2,3443.4,0
2020-11-05,3485.7,3529.1,3485.7,3510.4,0
2020-11-06,3508.3,3521.6,3484.3,3509.4,0
2020-11-09,3583.0,3646.0,3547.5,3550.5,0
2020-11-10,3543.3,3557.2,3511.9,3545.5,0
2020-11-11,3563.2,3581.2,3557.0,3572.7,0
2020-11-12,3562.7,3569.0,3518.6,3537.0,0
2020-11-13,3552.6,3593.7,3552.6,3585.2,0
2020-11-16,3600.2,3628.5,3600.2,3626.9,0
2020-11-17,3610.3,3623.1,3588.7,3609.5,0
2020-11-18,3612.1,3619.1,3567.3,3567.8,0
2020-11-19,3559.4,3585.2,3543.8,3581.9,0
2020-11-20,3579.3,3581.2,3556.8,3557.5,0
2020-11-23,3566.8,3589.8,3552.8,3577.6,0
2020-11-24,3594.5,3642.3,3594.5,3635.4,0
2020-11-25,3635.5,3635.5,3617.8,3629.7,0
2020-11-27,3638.6,3644.3,3629.3,3638.3,0
2020-11-30,3634.2,3634.2,3594.4,3621.6,0
2020-12-01,3645.9,3678.4,3645.9,3662.4,0
2020-12-02,3653.8,3671.0,3644.8,3669.0,0
2020-12-03,3668.3,3682.7,3657.2,3666.7,0
2020-12-04,3670.9,3699.2,3670.9,3699.1,0
2020-12-07,3694.7,3697.4,3678.9,3692.0,0
2020-12-08,3683.1,3708.4,3678.8,3702.2,0
2020-12-09,3706.0,3712.4,3660.5,3672.8,0
2020-12-10,3659.1,3678.5,3645.2,3668.1,0
2020-12-11,3656.1,3665.9,3633.4,3663.5,0
2020-12-14,3675.3,3697.6,3645.8,3647.5,0
2020-12-15,3666.4,3695.3,3659.6,3694.6,0
2020-12-16,3696.2,3711.3,3688.6,3701.2,0
2020-12-17,3713.7,3725.1,3710.9,3722.5,0
2020-12-18,3722.4,3726.7,3685.8,3709.4,0
2020-12-21,3684.3,3702.9,3636.5,3694.9,0
2020-12-22,3698.1,3698.3,3676.2,3687.3,0
2020-12-23,3693.4,3711.2,3689.3,3690.0,0
2020-12-24,3694.0,3703.8,3689.3,3703.1,0
2020-12-28,3723.0,3740.5,3723.0,3735.4,0
2020-12-29,3750.0,3756.1,3723.3,3727.0,0
2020-12-30,3736.2,3744.6,3730.2,3732.0,0
2020-12-31,3733.3,3760.2,3726.9,3756.1,0
2021-01-04,3764.6,3770.0,3662.7,3700.7,0
2021-01-05,3698.0,3737.8,3695.1,3726.9,0
2021-01-06,3712.2,3783.0,3705.3,3748.1,0
2021-01-07,3764.7,3811.6,3764.7,3803.8,0
2021-01-08,3815.1,3826.7,3783.6,3824.7,0
2021-01-11,3803.1,3817.9,3789.0,3799.6,0
2021-01-12,3801.6,3810.8,3776.5,3801.2,0
2021-01-13,3802.2,3821.0,3791.5,3809.8,0
2021-01-14,3815.0,3823.6,3792.9,3795.5,0
2021-01-15,3788.7,3788.7,3749.6,3768.2,0
2021-01-19,3781.9,3804.5,3780.4,3798.9,0
2021-01-20,3816.2,3859.8,3816.2,3851.8,0
2021-01-21,3857.5,3861.4,3845.1,3853.1,0
2021-01-22,3844.2,3852.3,3830.4,3841.5,0
2021-01-25,3851.7,3859.2,3797.2,3855.4,0
2021-01-26,3863.0,3870.9,3847.8,3849.6,0
2021-01-27,3836.8,3836.8,3732.5,3750.8,0
2021-01-28,3755.8,3830.5,3755.8,3787.4,0
2021-01-29,3778.1,3778.1,3694.1,3714.2,0
2021-02-01,3731.2,3784.3,3725.6,3773.9,0
2021-02-02,3791.8,3843.1,3791.8,3826.3,0
2021-02-03,3840.3,3847.5,3816.7,3830.2,0
2021-02-04,3836.7,3872.4,3836.7,3871.7,0
2021-02-05,3878.3,3894.6,3874.9,3886.8,0
2021-02-08,3892.6,3915.8,3892.6,3915.6,0
2021-02-09,3910.5,3918.3,3902.6,3911.2,0
2021-02-10,3920.8,3931.5,3884.9,3909.9,0
2021-02-11,3916.4,3926.0,3890.4,3916.4,0
2021-02-12,3911.7,3937.2,3905.8,3934.8,0
2021-02-16,3939.6,3950.4,3923.8,3932.6,0
2021-02-17,3918.5,3933.6,3900.4,3931.3,0
2021-02-18,3915.9,3922.0,3885.0,3914.0,0
2021-02-19,3921.2,3930.4,3903.1,3906.7,0
2021-02-22,3885.6,3902.9,3874.7,3876.5,0
2021-02-23,3857.1,3896.0,3805.6,3881.4,0
2021-02-24,3873.7,3928.7,3859.6,3925.4,0
2021-02-25,3915.8,3925.0,3814.0,3829.3,0
2021-02-26,3839.7,3861.1,3789.5,3811.2,0
2021-03-01,3842.5,3914.5,3842.5,3901.8,0
2021-03-02,3903.6,3906.4,3868.6,3870.3,0
2021-03-03,3864.0,3874.5,3818.9,3819.7,0
2021-03-04,3818.5,3843.7,3723.3,3768.5,0
2021-03-05,3793.6,3851.7,3730.2,3841.9,0
2021-03-08,3844.4,3881.1,3819.2,3821.3,0
2021-03-09,3851.9,3903.8,3851.9,3875.4,0
2021-03-10,3892.0,3917.3,3885.7,3898.8,0
2021-03-11,3915.5,3960.3,3915.5,3939.3,0
2021-03-12,3924.5,3945.0,3915.2,3943.3,0
2021-03-15,3943.0,3970.1,3923.5,3968.9,0
2021-03-16,3973.6,3981.0,3953.4,3962.7,0
2021-03-17,3949.6,3983.9,3935.7,3974.1,0
2021-03-18,3953.5,3969.6,3910.9,3915.5,0
2021-03-19,3913.1,3930.1,3886.8,3913.1,0
2021-03-22,3916.5,3955.3,3914.2,3940.6,0
2021-03-23,3937.6,3949.1,3901.6,3910.5,0
2021-03-24,3919.9,3942.1,3889.1,3889.1,0
2021-03-25,3879.3,3919.5,3853.5,3909.5,0
2021-03-26,3917.1,3978.2,3917.1,3974.5,0
2021-03-29,3969.3,3981.8,3943.2,3971.1,0
2021-03-30,3963.3,3968.0,3944.3,3958.6,0
2021-03-31,3967.2,3994.4,3967.0,3972.9,0
2021-04-01,3992.8,4020.6,3992.8,4019.9,0
2021-04-05,4034.4,4083.4,4034.4,4077.9,0
2021-04-06,4075.6,4086.2,4068.1,4073.9,0
2021-04-07,4074.3,4083.1,4068.3,4079.9,0
2021-04-08,4089.9,4098.2,4082.5,4097.2,0
2021-04-09,4096.1,4129.5,4095.5,4128.8,0
2021-04-12,4124.7,4131.8,4114.8,4128.0,0
2021-04-13,4130.1,4148.0,4124.4,4141.6,0
2021-04-14,4141.6,4151.7,4120.9,4124.7,0
2021-04-15,4139.8,4173.5,4139.8,4170.4,0
2021-04-16,4174.1,4191.3,4170.8,4185.5,0
2021-04-19,4179.8,4180.8,4150.5,4163.3,0
2021-04-20,4159.2,4159.2,4118.4,4134.9,0
2021-04-21,4128.4,4175.0,4126.4,4173.4,0
2021-04-22,4170.5,4179.6,4123.7,4135.0,0
2021-04-23,4138.8,4194.2,4138.8,4180.2,0
2021-04-26,4185.0,4194.2,4182.4,4187.6,0
2021-04-27,4188.2,4193.4,4176.2,4186.7,0
2021-04-28,4185.1,4201.5,4181.8,4183.2,0
2021-04-29,4206.1,4218.8,4176.8,4211.5,0
2021-04-30,4198.1,4198.1,4174.9,4181.2,0
2021-05-03,4192.0,4209.4,4188.0,4192.7,0
2021-05-04,4179.0,4179.0,4128.6,4164.7,0
2021-05-05,4177.1,4187.7,4160.9,4167.6,0
2021-05-06,4169.1,4202.7,4147.3,4201.6,0
2021-05-07,4210.3,4238.0,4201.6,4232.6,0
2021-05-10,4228.3,4236.4,4188.1,4188.4,0
2021-05-11,4150.3,4162.0,4111.5,4152.1,0
2021-05-12,4130.6,4134.7,4056.9,4063.0,0
2021-05-13,4075.0,4131.6,4075.0,4112.5,0
2021-05-14,4129.6,4183.1,4129.6,4173.9,0
2021-05-17,4169.9,4171.9,4142.7,4163.3,0
2021-05-18,4165.9,4169.1,4126.0,4127.8,0
2021-05-19,4098.4,4116.9,4061.4,4115.7,0
2021-05-20,4122.0,4172.8,4122.0,4159.1,0
2021-05-21,4168.6,4188.7,4151.7,4155.9,0
2021-05-24,4170.2,4209.5,4170.2,4197.1,0
2021-05-25,4205.9,4213.4,4182.5,4188.1,0
2021-05-26,4191.6,4202.6,4184.1,4196.0,0
2021-05-27,4201.9,4213.4,4197.8,4200.9,0
2021-05-28,4210.8,4218.4,4203.6,4204.1,0
2021-06-01,4216.5,4234.1,4197.6,4202.0,0
2021-06-02,4206.8,4217.4,4198.3,4208.1,0
2021-06-03,4191.4,4204.4,4167.9,4192.9,0
2021-06-04,4206.1,4233.4,4206.1,4229.9,0
2021-06-07,4229.3,4232.3,4215.7,4226.5,0
2021-06-08,4233.8,4236.7,4208.4,4227.3,0
2021-06-09,4233.0,4237.1,4218.7,4219.6,0
2021-06-10,4228.6,4249.7,4220.3,4239.2,0
2021-06-11,4242.9,4248.4,4232.2,4247.4,0
2021-06-14,4248.3,4255.6,4234.1,4255.1,0
2021-06-15,4255.3,4257.2,4238.4,4246.6,0
2021-06-16,4248.9,4251.9,4202.4,4223.7,0
2021-06-17,4220.4,4232.3,4196.1,4221.9,0
2021-06-18,4204.8,4204.8,4164.4,4166.4,0
2021-06-21,4173.4,4226.2,4173.4,4224.8,0
2021-06-22,4224.6,4255.8,4217.3,4246.4,0
2021-06-23,4249.3,4256.6,4241.4,4241.8,0
2021-06-24,4257.0,4271.3,4257.0,4266.5,0
2021-06-25,4274.4,4286.1,4271.2,4280.7,0
2021-06-28,4284.9,4292.1,4274.7,4290.6,0
2021-06-29,4293.2,4300.5,4287.0,4291.8,0
2021-06-30,4290.6,4302.4,4288.0,4297.5,0
2021-07-01,4300.7,4320.7,4300.7,4319.9,0
2021-07-02,4326.6,4355.4,4326.6,4352.3,0
2021-07-06,4356.5,4356.5,4314.4,4343.5,0
2021-07-07,4351.0,4361.9,4329.8,4358.1,0
2021-07-08,4321.1,4330.9,4289.4,4320.8,0
2021-07-09,4329.4,4371.6,4329.4,4369.6,0
2021-07-12,4372.4,4386.7,4364.0,4384.6,0
2021-07-13,4381.1,4392.4,4366.9,4369.2,0
2021-07-14,4380.1,4393.7,4362.4,4374.3,0
2021-07-15,4369.0,4369.0,4340.7,4360.0,0
2021-07-16,4367.4,4375.1,4322.5,4327.2,0
2021-07-19,4296.4,4296.4,4233.1,4258.5,0
2021-07-20,4265.1,4336.8,4262.1,4323.1,0
2021-07-21,4331.1,4359.7,4331.1,4358.7,0
2021-07-22,4361.3,4369.9,4350.1,4367.5,0
2021-07-23,4381.2,4415.2,4381.2,4411.8,0
2021-07-26,4409.6,4422.7,4405.4,4422.3,0
2021-07-27,4416.4,4416.4,4372.5,4401.5,0
2021-07-28,4402.9,4415.5,4387.0,4400.6,0
2021-07-29,4403.6,4430.0,4403.6,4419.1,0
2021-07-30,4395.1,4412.2,4389.6,4395.3,0
2021-08-02,4406.9,4422.2,4384.8,4387.2,0
2021-08-03,4392.7,4423.8,4373.0,4423.1,0
2021-08-04,4415.9,4416.2,4400.2,4402.7,0
2021-08-05,4408.9,4429.8,4408.9,4429.1,0
2021-08-06,4429.1,4440.8,4429.1,4436.5,0
2021-08-09,4437.8,4439.4,4424.7,4432.4,0
2021-08-10,4435.8,4445.2,4430.0,4436.8,0
2021-08-11,4442.2,4449.4,4436.4,4447.7,0
2021-08-12,4446.1,4461.8,4436.0,4460.8,0
2021-08-13,4464.8,4468.4,4460.8,4468.0,0
2021-08-16,4461.6,4480.3,4437.7,4479.7,0
2021-08-17,4462.1,4462.1,4417.8,4448.1,0
2021-08-18,4440.9,4454.3,4397.6,4400.3,0
2021-08-19,4382.4,4418.6,4367.7,4405.8,0
2021-08-20,4410.6,4444.4,4406.8,4441.7,0
2021-08-23,4450.3,4489.9,4450.3,4479.5,0
2021-08-24,4484.4,4492.8,4482.3,4486.2,0
2021-08-25,4490.4,4501.7,4485.7,4496.2,0
2021-08-26,4493.8,4495.9,4469.0,4470.0,0
2021-08-27,4474.1,4513.3,4474.1,4509.4,0
2021-08-30,4513.8,4537.4,4513.8,4528.8,0
2021-08-31,4529.8,4531.4,4515.8,4522.7,0
2021-09-01,4528.8,4537.1,4522.0,4524.1,0
2021-09-02,4534.5,4545.9,4524.7,4536.9,0
2021-09-03,4532.4,4541.4,4521.3,4535.4,0
2021-09-07,4535.4,4535.4,4513.0,4520.0,0
2021-09-08,4518.1,4521.8,4493.9,4514.1,0
2021-09-09,4513.0,4529.9,4492.1,4493.3,0
2021-09-10,4506.9,4520.5,4457.7,4458.6,0
2021-09-13,4474.8,4493.0,4445.7,4468.7,0
2021-09-14,4479.3,4485.7,4435.5,4443.1,0
2021-09-15,4447.5,4486.9,4438.4,4480.7,0
2021-09-16,4477.1,4485.9,4443.8,4473.8,0
2021-09-17,4469.7,4471.5,4427.8,4433.0,0
2021-09-20,4402.9,4402.9,4305.9,4357.7,0
2021-09-21,4374.4,4394.9,4348.0,4354.2,0
2021-09-22,4367.4,4416.8,4367.4,4395.6,0
2021-09-23,4406.8,4465.4,4406.8,4449.0,0
2021-09-24,4438.0,4463.1,4430.3,4455.5,0
2021-09-27,4442.1,4457.3,4436.2,4443.1,0
2021-09-28,4419.5,4419.5,4346.3,4352.6,0
2021-09-29,4362.4,4385.6,4355.1,4359.5,0
2021-09-30,4370.7,4382.6,4306.2,4307.5,0
2021-10-01,4317.2,4375.2,4288.5,4357.0,0
2021-10-04,4348.8,4355.5,4278.9,4300.5,0
2021-10-05,4309.9,4369.2,4309.9,4345.7,0
2021-10-06,4319.6,4365.6,4290.5,4363.6,0
2021-10-07,4383.7,4430.0,4383.7,4399.8,0
2021-10-08,4406.5,4412.0,4386.2,4391.3,0
2021-10-11,4385.4,4415.9,4360.6,4361.2,0
2021-10-12,4368.3,4374.9,4342.1,4350.6,0
2021-10-13,4358.0,4372.9,4329.9,4363.8,0
2021-10-14,4386.8,4439.7,4386.8,4438.3,0
2021-10-15,4447.7,4475.8,4447.7,4471.4,0
2021-10-18,4463.7,4488.8,4447.5,4486.5,0
2021-10-19,4497.3,4520.4,4496.4,4519.6,0
2021-10-20,4524.4,4540.9,4524.4,4536.2,0
2021-10-21,4532.2,4551.4,4526.9,4549.8,0
2021-10-22,4546.1,4559.7,4524.0,4544.9,0
2021-10-25,4553.7,4572.6,4537.4,4566.5,0
2021-10-26,4578.7,4598.5,4569.2,4574.8,0
2021-10-27,4580.2,4584.6,4551.7,4551.7,0
2021-10-28,4562.8,4597.6,4562.8,4596.4,0
2021-10-29,4572.9,4608.1,4567.6,4605.4,0
2021-11-01,4610.6,4620.3,4595.1,4613.7,0
2021-11-02,4613.3,4635.1,4613.3,4630.6,0
2021-11-03,4630.6,4663.5,4621.2,4660.6,0
2021-11-04,4662.9,4683.0,4662.6,4680.1,0
2021-11-05,4699.3,4718.5,4681.3,4697.5,0
2021-11-08,4701.5,4714.9,4694.4,4701.7,0
2021-11-09,4707.2,4708.5,4670.9,4685.2,0
2021-11-10,4670.3,4684.9,4630.9,4646.7,0
2021-11-11,4659.4,4664.6,4648.3,4649.3,0
2021-11-12,4655.2,4688.5,4650.8,4682.9,0
2021-11-15,4689.3,4697.4,4672.9,4682.8,0
2021-11-16,4679.4,4714.9,4679.4,4700.9,0
2021-11-17,4701.5,4701.5,4684.4,4688.7,0
2021-11-18,4700.7,4708.8,4672.8,4704.5,0
2021-11-19,4708.4,4717.8,4694.2,4698.0,0
2021-11-22,4712.0,4743.8,4682.2,4682.9,0
2021-11-23,4678.5,4699.4,4652.7,4690.7,0
2021-11-24,4675.8,4702.9,4659.9,4701.5,0
2021-11-26,4664.6,4664.6,4585.4,4594.6,0
2021-11-29,4628.8,4672.9,4625.3,4655.3,0
2021-11-30,4640.2,4646.0,4560.0,4567.0,0
2021-12-01,4602.8,4652.9,4510.3,4513.0,0
2021-12-02,4504.7,4595.5,4504.7,4577.1,0
2021-12-03,4589.5,4608.0,4495.1,4538.4,0
2021-12-06,4548.4,4612.6,4540.5,4591.7,0
2021-12-07,4632.0,4694.0,4632.0,4686.8,0
2021-12-08,4690.9,4705.1,4674.5,4701.2,0
2021-12-09,4691.0,4695.3,4666.0,4667.4,0
2021-12-10,4687.6,4713.6,4670.2,4712.0,0
2021-12-13,4710.3,4710.3,4667.6,4669.0,0
2021-12-14,4643.0,4660.5,4606.5,4634.1,0
2021-12-15,4636.5,4712.6,4611.2,4709.9,0
2021-12-16,4719.1,4732.0,4651.9,4668.7,0
2021-12-17,4652.5,4666.7,4600.2,4620.6,0
2021-12-20,4587.9,4587.9,4531.1,4568.0,0
2021-12-21,4595.0,4651.1,4583.2,4649.2,0
2021-12-22,4650.4,4697.7,4645.5,4696.6,0
2021-12-23,4704.0,4740.7,4704.0,4725.8,0
2021-12-27,4734.0,4791.5,4734.0,4791.2,0
2021-12-28,4795.5,4807.0,4780.0,4786.4,0
2021-12-29,4788.6,4804.1,4778.1,4793.1,0
2021-12-30,4794.2,4808.9,4775.3,4778.7,0
2021-12-31,4775.2,4786.8,4765.8,4766.2,0
2022-01-03,4778.1,4796.6,4758.2,4796.6,0
2022-01-04,4804.5,4818.6,4774.3,4793.5,0
2022-01-05,4788.0,4797.7,4699.4,4700.6,0
2022-01-06,4693.4,4725.0,4671.3,4696.1,0
2022-01-07,4697.7,4707.9,4662.7,4677.0,0
2022-01-10,4655.3,4673.0,4582.2,4670.3,0
2022-01-11,4669.1,4714.1,4638.3,4713.1,0
2022-01-12,4728.6,4748.8,4706.7,4726.4,0
2022-01-13,4733.6,4744.1,4650.3,4659.0,0
2022-01-14,4638.0,4665.1,4614.8,4662.9,0
2022-01-18,4632.2,4632.2,4568.7,4577.1,0
2022-01-19,4588.0,4611.6,4530.2,4532.8,0
2022-01-20,4547.4,4602.1,4477.9,4482.7,0
2022-01-21,4471.4,4494.5,4395.3,4397.9,0
2022-01-24,4356.3,4417.4,4222.6,4410.1,0
2022-01-25,4366.6,4411.0,4287.1,4356.4,0
2022-01-26,4408.4,4453.2,4304.8,4349.9,0
2022-01-27,4380.6,4428.7,4309.5,4326.5,0
2022-01-28,4336.2,4432.7,4292.5,4431.9,0
2022-01-31,4431.8,4516.9,4414.0,4515.6,0
2022-02-01,4519.6,4550.5,4483.5,4546.5,0
2022-02-02,4566.4,4595.3,4544.3,4589.4,0
2022-02-03,4535.4,4542.9,4470.4,4477.4,0
2022-02-04,4482.8,4539.7,4451.5,4500.5,0
2022-02-07,4505.8,4521.9,4471.5,4483.9,0
2022-02-08,4480.0,4531.3,4465.4,4521.5,0
2022-02-09,4547.0,4590.0,4547.0,4587.2,0
2022-02-10,4553.2,4588.9,4484.3,4504.1,0
2022-02-11,4506.3,4526.3,4401.4,4418.6,0
2022-02-14,4412.6,4426.2,4364.8,4401.7,0
2022-02-15,4429.3,4472.8,4429.3,4471.1,0
2022-02-16,4455.8,4489.6,4429.7,4475.0,0
2022-02-17,4456.1,4456.1,4373.8,4380.3,0
2022-02-18,4384.6,4394.6,4327.2,4348.9,0
2022-02-22,4332.7,4362.1,4267.1,4304.8,0
2022-02-23,4324.9,4341.5,4221.5,4225.5,0
2022-02-24,4155.8,4294.7,4114.6,4288.7,0
2022-02-25,4298.4,4385.3,4286.8,4384.6,0
2022-02-28,4354.2,4388.8,4315.1,4373.9,0
2022-03-01,4363.1,4378.4,4279.5,4306.3,0
2022-03-02,4322.6,4401.5,4322.6,4386.5,0
2022-03-03,4401.3,4416.8,4345.6,4363.5,0
2022-03-04,4342.1,4342.1,4285.0,4328.9,0
2022-03-07,4327.0,4327.0,4199.9,4201.1,0
2022-03-08,4202.7,4276.9,4157.9,4170.7,0
2022-03-09,4223.1,4299.4,4223.1,4277.9,0
2022-03-10,4252.6,4268.3,4209.8,4259.5,0
2022-03-11,4279.5,4291.0,4200.5,4204.3,0
2022-03-14,4202.8,4247.6,4161.7,4173.1,0
2022-03-15,4188.8,4271.1,4187.9,4262.4,0
2022-03-16,4288.1,4358.9,4252.0,4357.9,0
2022-03-17,4345.1,4412.7,4335.6,4411.7,0
2022-03-18,4407.3,4465.4,4390.6,4463.1,0
2022-03-21,4462.4,4481.8,4424.3,4461.2,0
2022-03-22,4469.1,4522.0,4469.1,4511.6,0
2022-03-23,4493.1,4501.1,4455.8,4456.2,0
2022-03-24,4470.0,4520.6,4465.2,4520.2,0
2022-03-25,4522.9,4546.0,4501.1,4543.1,0
2022-03-28,4541.1,4575.6,4517.7,4575.5,0
2022-03-29,4602.9,4637.3,4589.7,4631.6,0
2022-03-30,4624.2,4627.8,4581.3,4602.4,0
2022-03-31,4599.0,4603.1,4530.4,4530.4,0
2022-04-01,4540.3,4548.7,4507.6,4545.9,0
2022-04-04,4548.0,4583.5,4539.2,4582.6,0
2022-04-05,4572.4,4593.4,4514.2,4525.1,0
2022-04-06,4494.2,4503.9,4450.0,4481.1,0
2022-04-07,4474.6,4521.2,4450.3,4500.2,0
2022-04-08,4494.1,4520.4,4474.6,4488.3,0
2022-04-11,4462.6,4464.4,4408.4,4412.5,0
2022-04-12,4437.6,4471.0,4381.3,4397.4,0
2022-04-13,4394.3,4453.9,4392.7,4446.6,0
2022-04-14,4449.1,4460.5,4390.8,4392.6,0
2022-04-18,4385.6,4410.3,4370.3,4391.7,0
2022-04-19,4390.6,4471.0,4390.6,4462.2,0
2022-04-20,4472.3,4488.3,4448.8,4459.4,0
2022-04-21,4489.2,4512.9,4384.5,4393.7,0
2022-04-22,4385.8,4385.8,4267.6,4271.8,0
2022-04-25,4255.3,4299.0,4200.8,4296.1,0
2022-04-26,4278.1,4278.1,4175.0,4175.2,0
2022-04-27,4186.5,4240.7,4162.9,4184.0,0
2022-04-28,4222.6,4308.4,4188.6,4287.5,0
2022-04-29,4253.8,4269.7,4124.3,4131.9,0
2022-05-02,4130.6,4169.8,4062.5,4155.4,0
2022-05-03,4159.8,4200.1,4147.1,4175.5,0
2022-05-04,4181.2,4307.7,4148.9,4300.2,0
2022-05-05,4270.4,4270.4,4106.0,4146.9,0
2022-05-06,4128.2,4157.7,4067.9,4123.3,0
2022-05-09,4081.3,4081.3,3975.5,3991.2,0
2022-05-10,4035.2,4068.8,3958.2,4001.1,0
2022-05-11,3990.1,4049.1,3928.8,3935.2,0
2022-05-12,3903.9,3964.8,3858.9,3930.1,0
2022-05-13,3963.9,4038.9,3963.9,4023.9,0
2022-05-16,4013.0,4046.5,3984.0,4008.0,0
2022-05-17,4052.0,4090.7,4033.9,4088.8,0
2022-05-18,4052.0,4052.0,3911.9,3923.7,0
2022-05-19,3899.0,3946.0,3876.6,3900.8,0
2022-05-20,3927.8,3943.4,3810.3,3901.4,0
2022-05-23,3919.4,3981.9,3909.0,3973.8,0
2022-05-24,3942.9,3955.7,3875.1,3941.5,0
2022-05-25,3929.6,3999.3,3925.0,3978.7,0
2022-05-26,3984.6,4075.1,3984.6,4057.8,0
2022-05-27,4077.4,4158.5,4077.4,4158.2,0
2022-05-31,4151.1,4168.3,4104.9,4132.1,0
2022-06-01,4149.8,4166.5,4073.8,4101.2,0
2022-06-02,4095.4,4177.5,4074.4,4176.8,0
2022-06-03,4137.6,4142.7,4098.7,4108.5,0
2022-06-06,4134.7,4168.8,4109.2,4121.4,0
2022-06-07,4096.5,4164.9,4080.2,4160.7,0
2022-06-08,4147.1,4160.1,4107.2,4115.8,0
2022-06-09,4101.6,4119.1,4017.2,4017.8,0
2022-06-10,3974.4,3974.4,3900.2,3900.9,0
2022-06-13,3838.2,3838.2,3734.3,3749.6,0
2022-06-14,3763.5,3778.2,3705.7,3735.5,0
2022-06-15,3764.1,3837.6,3722.3,3790.0,0
2022-06-16,3728.2,3728.2,3639.8,3666.8,0
2022-06-17,3665.9,3707.7,3636.9,3674.8,0
2022-06-21,3715.3,3779.7,3715.3,3764.8,0
2022-06-22,3733.9,3801.8,3717.7,3759.9,0
2022-06-23,3774.7,3802.6,3743.5,3795.7,0
2022-06-24,3821.8,3913.7,3821.8,3911.7,0
2022-06-27,3920.8,3927.7,3889.7,3900.1,0
2022-06-28,3913.0,3945.9,3820.1,3821.6,0
2022-06-29,3825.1,3836.5,3799.0,3818.8,0
2022-06-30,3786.0,3819.0,3738.7,3785.4,0
2022-07-01,3781.0,3829.8,3752.1,3825.3,0
2022-07-05,3792.6,3832.2,3742.1,3831.4,0
2022-07-06,3832.0,3870.9,3809.4,3845.1,0
2022-07-07,3858.8,3910.6,3858.8,3902.6,0
2022-07-08,3888.3,3918.5,3869.3,3899.4,0
2022-07-11,3880.9,3880.9,3847.2,3854.4,0
2022-07-12,3851.9,3873.4,3802.4,3818.8,0
2022-07-13,3779.7,3829.4,3759.1,3801.8,0
2022-07-14,3764.0,3796.4,3721.6,3790.4,0
2022-07-15,3818.0,3863.6,3817.2,3863.2,0
2022-07-18,3883.8,3902.4,3818.6,3830.8,0
2022-07-19,3860.7,3939.8,3860.7,3936.7,0
2022-07-20,3935.3,3974.1,3922.0,3959.9,0
2022-07-21,3955.5,3999.3,3927.6,3998.9,0
2022-07-22,3998.4,4012.4,3938.9,3961.6,0
2022-07-25,3965.7,3975.3,3943.5,3966.8,0
2022-07-26,3953.2,3953.2,3910.7,3921.1,0
2022-07-27,3951.4,4039.6,3951.4,4023.6,0
2022-07-28,4026.1,4078.9,3993.0,4072.4,0
2022-07-29,4087.3,4140.1,4079.2,4130.3,0
2022-08-01,4112.4,4144.9,4096.0,4118.6,0
2022-08-02,4104.2,4140.5,4079.8,4091.2,0
2022-08-03,4108.0,4167.7,4108.0,4155.2,0
2022-08-04,4154.9,4161.3,4135.4,4151.9,0
2022-08-05,4115.9,4151.6,4107.3,4145.2,0
2022-08-08,4155.9,4186.6,4129.0,4140.1,0
2022-08-09,4133.1,4137.3,4112.1,4122.5,0
2022-08-10,4181.0,4211.0,4177.3,4210.2,0
2022-08-11,4227.4,4257.9,4201.4,4207.3,0
2022-08-12,4225.0,4280.5,4219.8,4280.1,0
2022-08-15,4269.4,4301.8,4256.9,4297.1,0
2022-08-16,4290.5,4325.3,4277.8,4305.2,0
2022-08-17,4280.4,4302.2,4253.1,4274.0,0
2022-08-18,4273.1,4292.5,4262.0,4283.7,0
2022-08-19,4266.3,4266.3,4218.7,4228.5,0
2022-08-22,4195.1,4195.1,4129.9,4138.0,0
2022-08-23,4133.1,4159.8,4124.0,4128.7,0
2022-08-24,4126.6,4156.6,4120.0,4140.8,0
2022-08-25,4153.3,4200.5,4147.6,4199.1,0
2022-08-26,4198.7,4203.0,4057.7,4057.7,0
2022-08-29,4034.6,4063.0,4017.4,4030.6,0
2022-08-30,4041.2,4045.0,3965.2,3986.2,0
2022-08-31,4000.7,4015.4,3954.5,3955.0,0
2022-09-01,3936.7,3970.2,3903.7,3966.8,0
2022-09-02,3994.7,4018.4,3906.2,3924.3,0
2022-09-06,3930.9,3942.6,3886.8,3908.2,0
2022-09-07,3909.4,3987.9,3906.0,3979.9,0
2022-09-08,3959.9,4010.5,3944.8,4006.2,0
2022-09-09,4022.9,4076.8,4022.9,4067.4,0
2022-09-12,4083.7,4119.3,4083.7,4110.4,0
2022-09-13,4037.1,4037.1,3921.3,3932.7,0
2022-09-14,3940.7,3961.9,3912.2,3946.0,0
2022-09-15,3932.4,3959.1,3888.3,3901.3,0
2022-09-16,3880.9,3880.9,3837.1,3873.3,0
2022-09-19,3849.9,3900.4,3838.5,3899.9,0
2022-09-20,3875.2,3876.0,3827.5,3855.9,0
2022-09-21,3871.4,3907.1,3789.5,3789.9,0
2022-09-22,3782.4,3790.9,3749.4,3758.0,0
2022-09-23,3727.1,3727.1,3647.5,3693.2,0
2022-09-26,3682.7,3715.7,3644.8,3655.0,0
2022-09-27,3686.4,3717.5,3623.3,3647.3,0
2022-09-28,3651.9,3736.7,3640.6,3719.0,0
2022-09-29,3687.0,3687.0,3610.4,3640.5,0
2022-09-30,3633.5,3671.4,3584.1,3585.6,0
2022-10-03,3609.8,3698.3,3604.9,3678.4,0
2022-10-04,3726.5,3791.9,3726.5,3790.9,0
2022-10-05,3753.2,3806.9,3722.7,3783.3,0
2022-10-06,3772.0,3797.9,3739.2,3744.5,0
2022-10-07,3706.7,3706.7,3620.7,3639.7,0
2022-10-10,3647.5,3652.2,3588.1,3612.4,0
2022-10-11,3595.9,3640.7,3568.4,3588.8,0
2022-10-12,3590.8,3608.3,3573.9,3577.0,0
2022-10-13,3520.4,3685.4,3491.6,3669.9,0
2022-10-14,3690.4,3712.0,3579.7,3583.1,0
2022-10-17,3638.7,3689.7,3638.7,3677.9,0
2022-10-18,3746.3,3762.8,3686.5,3720.0,0
2022-10-19,3703.1,3728.6,3666.5,3695.2,0
2022-10-20,3689.1,3736.0,3656.4,3665.8,0
2022-10-21,3657.1,3757.9,3647.4,3752.8,0
2022-10-24,3762.0,3810.7,3741.7,3797.3,0
2022-10-25,3799.4,3862.8,3799.4,3859.1,0
2022-10-26,3826.0,3886.2,3824.1,3830.6,0
2022-10-27,3834.7,3859.9,3803.8,3807.3,0
2022-10-28,3808.3,3905.4,3808.3,3901.1,0
2022-10-31,3881.8,3893.7,3863.2,3872.0,0
2022-11-01,3901.8,3911.8,3843.8,3856.1,0
2022-11-02,3852.9,3894.4,3758.7,3759.7,0
2022-11-03,3733.2,3750.6,3698.2,3719.9,0
2022-11-04,3767.0,3796.3,3708.8,3770.6,0
2022-11-07,3780.7,3813.9,3764.7,3806.8,0
2022-11-08,3817.0,3859.4,3786.3,3828.1,0
2022-11-09,3810.9,3818.2,3744.2,3748.6,0
2022-11-10,3859.9,3958.3,3859.9,3956.4,0
2022-11-11,3963.7,4001.5,3944.8,3992.9,0
2022-11-14,3978.0,4009.0,3956.4,3957.2,0
2022-11-15,4006.4,4028.8,3953.2,3991.7,0
2022-11-16,3976.8,3983.1,3954.3,3958.8,0
2022-11-17,3919.3,3954.3,3906.5,3946.6,0
2022-11-18,3966.4,3979.9,3936.0,3965.3,0
2022-11-21,3956.2,3962.0,3933.3,3949.9,0
2022-11-22,3965.5,4005.9,3956.9,4003.6,0
2022-11-23,4000.3,4033.8,3998.7,4027.3,0
2022-11-25,4023.3,4034.0,4020.8,4026.1,0
2022-11-28,4005.4,4012.3,3955.8,3963.9,0
2022-11-29,3964.2,3976.8,3937.7,3957.6,0
2022-11-30,3957.2,4080.1,3938.6,4080.1,0
2022-12-01,4087.1,4100.5,4050.9,4076.6,0
2022-12-02,4040.2,4080.5,4026.6,4071.7,0
2022-12-05,4052.0,4052.4,3984.5,3998.8,0
2022-12-06,3996.6,4001.5,3918.4,3941.3,0
2022-12-07,3933.3,3957.6,3922.7,3933.9,0
2022-12-08,3947.8,3974.2,3935.8,3963.5,0
2022-12-09,3954.2,3977.0,3933.0,3934.4,0
2022-12-12,3939.3,3990.7,3935.3,3990.6,0
2022-12-13,4069.4,4101.0,3993.0,4019.7,0
2022-12-14,4015.5,4053.8,3965.7,3995.3,0
2022-12-15,3958.4,3958.4,3879.4,3895.8,0
2022-12-16,3890.9,3890.9,3827.9,3852.4,0
2022-12-19,3853.8,3854.9,3800.0,3817.7,0
2022-12-20,3810.5,3838.2,3795.6,3821.6,0
2022-12-21,3839.5,3889.8,3839.5,3878.4,0
2022-12-22,3853.3,3853.3,3764.5,3822.4,0
2022-12-23,3815.1,3845.8,3797.0,3844.8,0
2022-12-27,3843.3,3846.7,3813.2,3829.2,0
2022-12-28,3829.6,3848.3,3780.8,3783.2,0
2022-12-29,3805.4,3858.2,3805.4,3849.3,0
2022-12-30,3829.1,3839.8,3800.3,3839.5,0
2023-01-03,3853.3,3878.5,3794.3,3824.1,0
2023-01-04,3840.4,3873.2,3815.8,3853.0,0
2023-01-05,3839.7,3839.7,3802.4,3808.1,0
2023-01-06,3823.4,3906.2,3809.6,3895.1,0
2023-01-09,3910.8,3950.6,3890.4,3892.1,0
2023-01-10,3888.6,3919.8,3877.3,3919.2,0
2023-01-11,3932.3,3970.1,3928.5,3969.6,0
2023-01-12,3977.6,3997.8,3937.6,3983.2,0
2023-01-13,3960.6,4003.9,3947.7,3999.1,0
2023-01-17,3999.3,4015.4,3984.6,3991.0,0
2023-01-18,4002.2,4014.2,3926.6,3928.9,0
2023-01-19,3911.8,3922.9,3885.5,3898.8,0
2023-01-20,3909.0,3973.0,3897.9,3972.6,0
2023-01-23,3978.1,4039.3,3971.6,4019.8,0
2023-01-24,4001.7,4023.9,3989.8,4016.9,0
2023-01-25,3982.7,4019.6,3949.1,4016.2,0
2023-01-26,4036.1,4061.6,4013.3,4060.4,0
2023-01-27,4053.7,4094.2,4048.7,4070.6,0
2023-01-30,4049.3,4063.8,4015.6,4017.8,0
2023-01-31,4020.8,4077.2,4020.4,4076.6,0
2023-02-01,4070.1,4148.9,4037.2,4119.2,0
2023-02-02,4158.7,4195.4,4141.9,4179.8,0
2023-02-03,4136.7,4182.4,4123.4,4136.5,0
2023-02-06,4119.6,4124.6,4093.4,4111.1,0
2023-02-07,4105.4,4176.5,4088.4,4164.0,0
2023-02-08,4153.5,4156.9,4111.7,4117.9,0
2023-02-09,4144.2,4156.2,4069.7,4081.5,0
2023-02-10,4068.9,4094.4,4060.8,4090.5,0
2023-02-13,4096.6,4138.9,4092.7,4137.3,0
2023-02-14,4126.7,4159.8,4095.0,4136.1,0
2023-02-15,4119.5,4148.1,4104.0,4147.6,0
2023-02-16,4114.8,4136.5,4089.5,4090.4,0
2023-02-17,4077.4,4081.5,4047.9,4079.1,0
2023-02-21,4052.3,4052.3,3995.2,3997.3,0
2023-02-22,4001.8,4017.4,3976.9,3991.1,0
2023-02-23,4018.6,4028.3,3969.2,4012.3,0
2023-02-24,3973.2,3978.2,3943.1,3970.0,0
2023-02-27,3992.4,4018.1,3973.6,3982.2,0
2023-02-28,3977.2,3997.5,3969.0,3970.2,0
2023-03-01,3963.3,3971.7,3939.1,3951.4,0
2023-03-02,3938.7,3990.8,3928.2,3981.3,0
2023-03-03,3998.0,4048.3,3995.2,4045.6,0
2023-03-06,4055.2,4078.5,4044.6,4048.4,0
2023-03-07,4048.3,4050.0,3980.3,3986.4,0
2023-03-08,3987.6,4000.4,3969.8,3992.0,0
2023-03-09,3998.7,4017.8,3908.7,3918.3,0
2023-03-10,3912.8,3934.1,3846.3,3861.6,0
2023-03-13,3835.1,3905.1,3808.9,3855.8,0
2023-03-14,3894.0,3937.3,3873.6,3919.3,0
2023-03-15,3876.7,3894.3,3838.2,3891.9,0
2023-03-16,3878.9,3964.5,3864.1,3960.3,0
2023-03-17,3958.7,3958.9,3901.3,3916.6,0
2023-03-20,3917.5,3956.6,3916.9,3951.6,0
2023-03-21,3975.9,4009.1,3971.2,4002.9,0
2023-03-22,4002.0,4039.5,3936.2,3937.0,0
2023-03-23,3959.2,4007.7,3919.1,3948.7,0
2023-03-24,3939.2,3972.7,3909.2,3971.0,0
2023-03-27,3982.9,4003.8,3970.5,3977.5,0
2023-03-28,3974.1,3979.2,3951.5,3971.3,0
2023-03-29,3999.5,4030.6,3999.5,4027.8,0
2023-03-30,4046.7,4057.8,4032.1,4050.8,0
2023-03-31,4056.2,4110.8,4056.2,4109.3,0
2023-04-03,4102.2,4127.7,4098.8,4124.5,0
2023-04-04,4128.0,4133.1,4086.9,4100.6,0
2023-04-05,4094.5,4099.7,4072.6,4090.4,0
2023-04-06,4081.2,4107.3,4069.8,4105.0,0
2023-04-10,4085.2,4109.5,4072.6,4109.1,0
2023-04-11,4110.3,4124.3,4102.6,4108.9,0
2023-04-12,4121.7,4134.4,4086.9,4091.9,0
2023-04-13,4100.0,4150.3,4099.4,4146.2,0
2023-04-14,4140.1,4163.2,4113.2,4137.6,0
2023-04-17,4137.2,4151.7,4123.2,4151.3,0
2023-04-18,4164.3,4169.5,4140.4,4154.9,0
2023-04-19,4139.3,4162.6,4134.5,4154.5,0
2023-04-20,4130.5,4148.6,4114.6,4129.8,0
2023-04-21,4132.1,4138.0,4113.9,4133.5,0
2023-04-24,4132.1,4142.4,4117.8,4137.0,0
2023-04-25,4126.4,4126.4,4071.4,4071.6,0
2023-04-26,4087.8,4089.7,4049.3,4056.0,0
2023-04-27,4075.3,4138.2,4075.3,4135.4,0
2023-04-28,4129.6,4170.1,4127.2,4169.5,0
2023-05-01,4166.8,4186.9,4164.1,4167.9,0
2023-05-02,4164.1,4164.1,4089.7,4119.6,0
2023-05-03,4122.2,4148.3,4088.9,4090.8,0
2023-05-04,4082.6,4082.6,4048.3,4061.2,0
2023-05-05,4084.7,4147.0,4084.7,4136.2,0
2023-05-08,4137.0,4142.3,4123.8,4138.1,0
2023-05-09,4124.2,4130.4,4116.6,4119.2,0
2023-05-10,4143.7,4154.3,4098.9,4137.6,0
2023-05-11,4132.2,4132.8,4109.3,4130.6,0
2023-05-12,4138.5,4143.7,4099.1,4124.1,0
2023-05-15,4126.6,4141.2,4110.3,4136.3,0
2023-05-16,4127.9,4135.5,4109.9,4109.9,0
2023-05-17,4122.9,4164.7,4113.6,4158.8,0
2023-05-18,4157.7,4202.2,4153.5,4198.1,0
2023-05-19,4204.1,4212.9,4180.2,4192.0,0
2023-05-22,4190.8,4209.2,4179.7,4192.6,0
2023-05-23,4176.8,4185.7,4142.5,4145.6,0
2023-05-24,4133.0,4133.0,4104.0,4115.2,0
2023-05-25,4155.7,4165.7,4129.7,4151.3,0
2023-05-26,4156.2,4212.9,4156.2,4205.4,0
2023-05-30,4226.7,4231.1,4192.2,4205.5,0
2023-05-31,4190.7,4195.4,4166.1,4179.8,0
2023-06-01,4183.0,4232.4,4171.6,4221.0,0
2023-06-02,4241.0,4290.7,4241.0,4282.4,0
2023-06-05,4283.0,4299.3,4266.8,4273.8,0
2023-06-06,4271.3,4288.3,4263.1,4283.9,0
2023-06-07,4285.5,4299.2,4264.0,4267.5,0
2023-06-08,4268.7,4298.0,4261.1,4293.9,0
2023-06-09,4304.9,4322.6,4291.7,4298.9,0
2023-06-12,4308.3,4340.1,4304.4,4338.9,0
2023-06-13,4352.6,4375.4,4349.3,4369.0,0
2023-06-14,4366.3,4391.8,4337.9,4372.6,0
2023-06-15,4365.3,4439.2,4362.6,4425.8,0
2023-06-16,4440.9,4448.5,4407.4,4409.6,0
2023-06-20,4396.1,4400.1,4367.2,4388.7,0
2023-06-21,4380.0,4386.2,4360.1,4365.7,0
2023-06-22,4355.4,4382.2,4351.8,4381.9,0
2023-06-23,4354.2,4366.6,4341.3,4348.3,0
2023-06-26,4344.8,4362.1,4328.1,4328.8,0
2023-06-27,4337.4,4384.4,4335.0,4378.4,0
2023-06-28,4367.5,4390.4,4360.2,4376.9,0
2023-06-29,4374.9,4398.4,4372.0,4396.4,0
2023-06-30,4422.4,4458.5,4422.4,4450.4,0
2023-07-03,4450.5,4456.5,4442.3,4455.6,0
2023-07-05,4442.0,4454.1,4436.6,4446.8,0
2023-07-06,4422.6,4422.6,4385.1,4411.6,0
2023-07-07,4404.5,4440.4,4397.4,4398.9,0
2023-07-10,4394.2,4412.6,4389.9,4409.5,0
2023-07-11,4415.6,4443.6,4408.5,4439.3,0
2023-07-12,4467.7,4488.3,4463.2,4472.2,0
2023-07-13,4491.5,4517.4,4489.4,4510.0,0
2023-07-14,4514.6,4527.8,4499.6,4505.4,0
2023-07-17,4508.9,4532.9,4504.9,4522.8,0
2023-07-18,4521.8,4562.3,4514.6,4555.0,0
2023-07-19,4563.9,4578.4,4557.5,4565.7,0
2023-07-20,4554.4,4564.7,4527.6,4534.9,0
2023-07-21,4550.2,4555.0,4535.8,4536.3,0
2023-07-24,4543.4,4563.4,4541.3,4554.6,0
2023-07-25,4555.2,4580.6,4552.4,4567.5,0
2023-07-26,4559.0,4582.5,4547.6,4566.8,0
2023-07-27,4598.3,4607.1,4528.6,4537.4,0
2023-07-28,4565.8,4590.2,4564.0,4582.2,0
2023-07-31,4584.8,4594.2,4573.1,4589.0,0
2023-08-01,4578.8,4584.6,4567.5,4576.7,0
2023-08-02,4550.9,4550.9,4505.8,4513.4,0
2023-08-03,4494.3,4519.5,4485.5,4501.9,0
2023-08-04,4514.0,4540.3,4474.6,4478.0,0
2023-08-07,4491.6,4519.8,4491.1,4518.4,0
2023-08-08,4498.0,4503.3,4464.4,4499.4,0
2023-08-09,4501.6,4502.4,4461.3,4467.7,0
2023-08-10,4487.2,4527.4,4457.9,4468.8,0
2023-08-11,4450.7,4476.2,4444.0,4464.1,0
2023-08-14,4458.1,4490.3,4453.4,4489.7,0
2023-08-15,4478.9,4478.9,4432.2,4437.9,0
2023-08-16,4433.8,4449.9,4403.6,4404.3,0
2023-08-17,4416.3,4421.2,4364.8,4370.4,0
2023-08-18,4344.9,4381.8,4335.3,4369.7,0
2023-08-21,4380.3,4407.6,4360.3,4399.8,0
2023-08-22,4415.3,4418.6,4382.8,4387.6,0
2023-08-23,4396.4,4443.2,4396.4,4436.0,0
2023-08-24,4455.2,4458.3,4375.6,4376.3,0
2023-08-25,4389.4,4418.5,4356.3,4405.7,0
2023-08-28,4426.0,4439.6,4415.0,4433.3,0
2023-08-29,4432.8,4500.1,4431.7,4497.6,0
2023-08-30,4500.3,4521.6,4493.6,4514.9,0
2023-08-31,4517.0,4532.3,4507.4,4507.7,0
2023-09-01,4530.6,4541.2,4501.4,4515.8,0
2023-09-05,4510.1,4514.3,4496.0,4496.8,0
2023-09-06,4490.4,4490.4,4442.4,4465.5,0
2023-09-07,4434.6,4457.8,4430.5,4451.1,0
2023-09-08,4451.3,4473.5,4448.4,4457.5,0
2023-09-11,4481.0,4490.8,4467.9,4487.5,0
2023-09-12,4473.3,4487.1,4456.8,4461.9,0
2023-09-13,4462.6,4479.4,4453.5,4467.4,0
2023-09-14,4487.8,4512.0,4478.7,4505.1,0
2023-09-15,4498.0,4498.0,4447.2,4450.3,0
2023-09-18,4445.1,4466.4,4442.1,4453.5,0
2023-09-19,4445.4,4449.9,4416.6,4443.9,0
2023-09-20,4452.8,4461.0,4401.4,4402.2,0
2023-09-21,4374.4,4375.7,4329.2,4330.0,0
2023-09-22,4341.7,4357.4,4316.5,4320.1,0
2023-09-25,4310.6,4338.5,4302.7,4337.4,0
2023-09-26,4312.9,4313.0,4266.0,4273.5,0
2023-09-27,4282.6,4292.1,4238.6,4274.5,0
2023-09-28,4269.6,4317.3,4264.4,4299.7,0
2023-09-29,4328.2,4333.1,4274.9,4288.1,0
2023-10-02,4284.5,4300.6,4260.2,4288.4,0
2023-10-03,4269.8,4281.1,4216.4,4229.4,0
2023-10-04,4233.8,4268.5,4220.5,4263.8,0
2023-10-05,4259.3,4267.1,4225.9,4258.2,0
2023-10-06,4234.8,4324.1,4219.6,4308.5,0
2023-10-09,4289.0,4341.7,4283.8,4335.7,0
2023-10-10,4339.8,4385.5,4339.6,4358.2,0
2023-10-11,4366.6,4378.6,4345.3,4376.9,0
2023-10-12,4380.9,4385.9,4325.4,4349.6,0
2023-10-13,4360.5,4377.1,4312.0,4327.8,0
2023-10-16,4342.4,4383.3,4342.4,4373.6,0
2023-10-17,4345.2,4393.6,4337.5,4373.2,0
2023-10-18,4357.4,4364.2,4303.8,4314.6,0
2023-10-19,4321.4,4339.5,4269.7,4278.0,0
2023-10-20,4273.9,4276.6,4223.0,4224.2,0
2023-10-23,4210.4,4255.8,4189.2,4217.0,0
2023-10-24,4235.8,4259.4,4219.4,4247.7,0
2023-10-25,4232.4,4232.4,4181.4,4186.8,0
2023-10-26,4176.0,4183.6,4127.9,4137.2,0
2023-10-27,4152.9,4156.7,4103.8,4117.4,0
2023-10-30,4139.4,4177.5,4132.9,4166.8,0
2023-10-31,4171.3,4195.6,4153.1,4193.8,0
2023-11-01,4201.3,4245.6,4197.7,4237.9,0
2023-11-02,4268.3,4319.7,4268.3,4317.8,0
2023-11-03,4334.2,4373.6,4334.2,4358.3,0
2023-11-06,4364.3,4372.2,4347.5,4366.0,0
2023-11-07,4366.2,4386.3,4355.4,4378.4,0
2023-11-08,4384.4,4391.2,4359.8,4382.8,0
2023-11-09,4391.4,4393.4,4343.9,4347.4,0
2023-11-10,4364.1,4418.0,4353.3,4415.2,0
2023-11-13,4406.7,4421.8,4393.8,4411.6,0
2023-11-14,4459.0,4508.7,4459.0,4495.7,0
2023-11-15,4505.3,4521.2,4495.3,4502.9,0
2023-11-16,4497.1,4512.0,4487.8,4508.2,0
2023-11-17,4509.6,4520.1,4499.7,4514.0,0
2023-11-20,4511.7,4557.1,4510.4,4547.4,0
2023-11-21,4538.8,4542.1,4525.5,4538.2,0
2023-11-22,4553.0,4568.4,4545.1,4556.6,0
2023-11-24,4555.8,4560.3,4552.8,4559.3,0
2023-11-27,4554.9,4560.5,4546.3,4550.4,0
2023-11-28,4545.6,4568.1,4540.5,4554.9,0
2023-11-29,4571.8,4587.6,4547.1,4550.6,0
2023-11-30,4554.9,4569.9,4537.2,4567.8,0
2023-12-01,4559.4,4599.4,4554.7,4594.6,0
2023-12-04,4564.4,4572.4,4546.7,4569.8,0
2023-12-05,4557.2,4578.6,4551.7,4567.2,0
2023-12-06,4586.2,4590.7,4546.5,4549.3,0
2023-12-07,4568.8,4590.9,4565.2,4585.6,0
2023-12-08,4576.2,4609.2,4574.1,4604.4,0
2023-12-11,4593.4,4623.7,4593.4,4622.4,0
2023-12-12,4618.3,4643.9,4608.1,4643.7,0
2023-12-13,4646.2,4709.7,4643.2,4707.1,0
2023-12-14,4721.0,4738.6,4694.3,4719.6,0
2023-12-15,4714.2,4725.5,4704.7,4719.2,0
2023-12-18,4725.6,4749.5,4725.6,4740.6,0
2023-12-19,4743.7,4768.7,4743.7,4768.4,0
2023-12-20,4764.7,4778.0,4697.8,4698.4,0
2023-12-21,4724.3,4748.7,4708.4,4746.8,0
2023-12-22,4753.9,4772.9,4736.8,4754.6,0
2023-12-26,4758.9,4784.7,4758.4,4774.8,0
2023-12-27,4773.4,4785.4,4768.9,4781.6,0
2023-12-28,4786.4,4793.3,4781.0,4783.4,0
2023-12-29,4782.9,4788.4,4752.0,4769.8,0
2024-01-02,4745.2,4754.3,4722.7,4742.8,0
2024-01-03,4725.1,4729.3,4699.7,4704.8,0
2024-01-04,4697.4,4726.8,4687.5,4688.7,0
2024-01-05,4690.6,4721.5,4682.1,4697.2,0
2024-01-08,4703.7,4764.5,4699.8,4763.5,0
2024-01-09,4741.9,4765.5,4730.4,4756.5,0
2024-01-10,4759.9,4790.8,4756.2,4783.4,0
2024-01-11,4792.1,4798.5,4739.6,4780.2,0
2024-01-12,4791.2,4802.4,4769.0,4783.8,0
2024-01-16,4772.4,4782.3,4747.1,4766.0,0
2024-01-17,4739.1,4744.2,4714.8,4739.2,0
2024-01-18,4760.1,4785.8,4740.6,4780.9,0
2024-01-19,4796.3,4842.1,4785.9,4839.8,0
2024-01-22,4853.4,4868.4,4844.1,4850.4,0
2024-01-23,4856.8,4866.5,4844.4,4864.6,0
2024-01-24,4888.6,4903.7,4865.9,4868.6,0
2024-01-25,4886.7,4898.1,4869.3,4894.2,0
2024-01-26,4888.9,4906.7,4881.5,4891.0,0
2024-01-29,4892.9,4929.3,4887.4,4927.9,0
2024-01-30,4925.9,4931.1,4916.3,4925.0,0
2024-01-31,4899.2,4906.8,4845.1,4845.6,0
2024-02-01,4861.1,4907.0,4853.5,4906.2,0
2024-02-02,4916.1,4975.3,4908.0,4958.6,0
2024-02-05,4957.2,4957.2,4918.1,4942.8,0
2024-02-06,4950.2,4957.8,4934.9,4954.2,0
2024-02-07,4973.1,4999.9,4969.1,4995.1,0
2024-02-08,4995.2,5000.4,4987.1,4997.9,0
2024-02-09,5004.2,5030.1,5000.3,5026.6,0
2024-02-12,5026.8,5048.4,5016.8,5021.8,0
2024-02-13,4967.9,4971.3,4920.3,4953.2,0
2024-02-14,4976.4,5002.5,4956.4,5000.6,0
2024-02-15,5003.1,5032.7,4999.4,5029.7,0
2024-02-16,5031.1,5038.7,4999.5,5005.6,0
2024-02-20,4989.3,4993.7,4955.0,4975.5,0
2024-02-21,4963.0,4983.2,4946.0,4981.8,0
2024-02-22,5038.8,5094.4,5038.8,5087.0,0
2024-02-23,5100.9,5111.1,5081.5,5088.8,0
2024-02-26,5093.0,5097.7,5068.9,5069.5,0
2024-02-27,5074.6,5080.7,5057.3,5078.2,0
2024-02-28,5067.2,5077.4,5058.4,5069.8,0
2024-02-29,5085.4,5105.0,5061.9,5096.3,0
2024-03-01,5098.5,5140.3,5094.2,5137.1,0
2024-03-04,5131.0,5149.7,5127.2,5130.9,0
2024-03-05,5110.5,5114.5,5056.8,5078.6,0
2024-03-06,5108.0,5128.0,5092.2,5104.8,0
2024-03-07,5132.4,5165.6,5128.2,5157.4,0
2024-03-08,5164.5,5189.3,5117.5,5123.7,0
2024-03-11,5112.0,5124.7,5091.1,5117.9,0
2024-03-12,5134.3,5179.9,5114.5,5175.3,0
2024-03-13,5173.5,5179.1,5151.9,5165.3,0
2024-03-14,5175.1,5176.9,5123.3,5150.5,0
2024-03-15,5123.3,5136.9,5104.4,5117.1,0
2024-03-18,5154.8,5175.6,5145.5,5149.4,0
2024-03-19,5139.1,5180.3,5131.6,5178.5,0
2024-03-20,5181.7,5226.2,5171.6,5224.6,0
2024-03-21,5253.4,5261.1,5240.7,5241.5,0
2024-03-22,5242.5,5246.1,5229.9,5234.2,0
2024-03-25,5219.5,5229.1,5216.1,5218.2,0
2024-03-26,5228.9,5235.2,5203.4,5203.6,0
2024-03-27,5226.3,5249.3,5213.9,5248.5,0
2024-03-28,5248.0,5264.9,5245.8,5254.4,0
2024-04-01,5258.0,5263.9,5229.2,5243.8,0
2024-04-02,5204.3,5208.3,5184.1,5205.8,0
2024-04-03,5194.4,5228.8,5194.4,5211.5,0
2024-04-04,5244.1,5256.6,5146.1,5147.2,0
2024-04-05,5158.9,5222.2,5157.2,5204.3,0
2024-04-08,5211.4,5219.6,5197.4,5202.4,0
2024-04-09,5217.0,5224.8,5160.8,5209.9,0
2024-04-10,5167.9,5178.4,5138.7,5160.6,0
2024-04-11,5172.9,5211.8,5138.8,5199.1,0
2024-04-12,5171.5,5175.0,5107.9,5123.4,0
2024-04-15,5149.67,5168.43,5052.47,5061.82,0
2024-04-16,5064.59,5079.84,5039.83,5051.41,0
2024-04-17,5068.97,5077.96,5007.25,5022.21,0
2024-04-18,5031.52,5056.66,5001.89,5011.12,0
2024-04-19,5005.44,5019.02,4953.56,4967.23,0
2024-04-22,4987.33,5038.84,4969.4,5010.6,0
2024-04-23,5028.85,5076.12,5027.96,5070.55,0
2024-04-24,5084.86,5089.48,5047.02,5071.63,0
2024-04-25,5019.88,5057.75,4990.58,5048.42,0
2024-04-26,5084.65,5114.62,5073.14,5099.96,0
2024-04-29,5114.13,5123.49,5088.65,5116.17,0
2024-04-30,5103.78,5110.83,5035.31,5035.69,0
2024-05-01,5029.03,5096.12,5013.45,5018.39,0
2024-05-02,5049.32,5073.21,5011.05,5064.2,0
2024-05-03,5122.78,5139.12,5101.22,5127.79,0
